
state 0
	$accept: .main $end 
	main: .    (1)
	attributes0: .    (51)

	$end  reduce 1 (src line 366)
	STRUCT  shift 27
	CONST  shift 20
	ENUM  shift 31
	UNION  shift 29
	IMPORT  shift 10
	PRAGMA_DEFINE  shift 21
	PRAGMA_CPP_QUOTE  shift 22
	'['  shift 33
	.  reduce 51 (src line 717)

	external  goto 3
	file  goto 2
	library  goto 9
	library_header  goto 18
	interface  goto 6
	interface_header  goto 15
	coclass  goto 7
	coclass_header  goto 16
	dispinterface  goto 8
	dispinterface_header  goto 17
	import1  goto 4
	export  goto 5
	const_declarator  goto 12
	pragma_declarator  goto 13
	type_declarator  goto 11
	tagged_struct  goto 28
	tagged_struct_declarator  goto 23
	tagged_declarator  goto 14
	tagged_enumeration  goto 32
	tagged_enumeration_declarator  goto 25
	tagged_union_declarator  goto 24
	tagged_union  goto 30
	attributes0  goto 19
	attributes1  goto 26
	main  goto 1

state 1
	$accept:  main.$end 

	$end  accept
	.  error


state 2
	main:  file.    (2)
	file:  file.external 
	attributes0: .    (51)

	$end  reduce 2 (src line 367)
	STRUCT  shift 27
	CONST  shift 20
	ENUM  shift 31
	UNION  shift 29
	IMPORT  shift 10
	PRAGMA_DEFINE  shift 21
	PRAGMA_CPP_QUOTE  shift 22
	'['  shift 33
	.  reduce 51 (src line 717)

	external  goto 34
	library  goto 9
	library_header  goto 18
	interface  goto 6
	interface_header  goto 15
	coclass  goto 7
	coclass_header  goto 16
	dispinterface  goto 8
	dispinterface_header  goto 17
	import1  goto 4
	export  goto 5
	const_declarator  goto 12
	pragma_declarator  goto 13
	type_declarator  goto 11
	tagged_struct  goto 28
	tagged_struct_declarator  goto 23
	tagged_declarator  goto 14
	tagged_enumeration  goto 32
	tagged_enumeration_declarator  goto 25
	tagged_union_declarator  goto 24
	tagged_union  goto 30
	attributes0  goto 19
	attributes1  goto 26

state 3
	file:  external.    (3)

	.  reduce 3 (src line 374)


state 4
	external:  import1.    (5)

	.  reduce 5 (src line 426)


state 5
	external:  export.    (6)

	.  reduce 6 (src line 430)


state 6
	external:  interface.semicolon 
	semicolon: .    (11)

	';'  shift 36
	.  reduce 11 (src line 486)

	semicolon  goto 35

state 7
	external:  coclass.semicolon 
	semicolon: .    (11)

	';'  shift 36
	.  reduce 11 (src line 486)

	semicolon  goto 37

state 8
	external:  dispinterface.semicolon 
	semicolon: .    (11)

	';'  shift 36
	.  reduce 11 (src line 486)

	semicolon  goto 38

state 9
	external:  library.semicolon 
	semicolon: .    (11)

	';'  shift 36
	.  reduce 11 (src line 486)

	semicolon  goto 39

state 10
	import1:  IMPORT.import_list ';' 

	STRING_LITERAL  shift 42
	.  error

	import_list  goto 40
	import_name  goto 41

state 11
	export:  type_declarator.';' 

	';'  shift 43
	.  error


state 12
	export:  const_declarator.';' 

	';'  shift 44
	.  error


state 13
	export:  pragma_declarator.    (131)

	.  reduce 131 (src line 1129)


state 14
	export:  tagged_declarator.';' 

	';'  shift 45
	.  error


state 15
	interface:  interface_header.'{' interface_body '}' 
	interface:  interface_header.    (46)
	interface:  interface_header.'{' '}' 

	'{'  shift 46
	.  reduce 46 (src line 691)


state 16
	coclass:  coclass_header.'{' coclass_member_list '}' 

	'{'  shift 47
	.  error


state 17
	dispinterface:  dispinterface_header.'{' dispinterface_body '}' 

	'{'  shift 48
	.  error


state 18
	library:  library_header.'{' library_body '}' 

	'{'  shift 49
	.  error


state 19
	library_header:  attributes0.LIBRARY IDENT 
	coclass_header:  attributes0.COCLASS IDENT 
	dispinterface_header:  attributes0.DISPINTERFACE IDENT 
	interface_header:  attributes0.INTERFACE IDENT interface_base 
	type_declarator:  attributes0.TYPEDEF attributes0 type_spec declarators 

	TYPEDEF  shift 54
	INTERFACE  shift 53
	DISPINTERFACE  shift 52
	COCLASS  shift 51
	LIBRARY  shift 50
	.  error


state 20
	const_declarator:  CONST.const_type_spec IDENT '=' const_exp 
	sign: .    (252)

	UNSIGNED  shift 59
	SIGNED  shift 65
	LONG  shift 68
	SHORT  shift 69
	SMALL  shift 70
	CHAR  shift 58
	BOOLEAN  shift 60
	VOID  shift 61
	IDENT  shift 57
	.  reduce 252 (src line 2004)

	const_type_spec  goto 55
	primitive_integer_type  goto 56
	signed_integer  goto 62
	ms_integer  goto 64
	unsigned_integer  goto 63
	sign  goto 67
	integer_size  goto 66

state 21
	pragma_declarator:  PRAGMA_DEFINE.IDENT const_exp 

	IDENT  shift 71
	.  error


state 22
	pragma_declarator:  PRAGMA_CPP_QUOTE.'(' STRING_LITERAL ')' 

	'('  shift 72
	.  error


state 23
	tagged_declarator:  tagged_struct_declarator.    (212)

	.  reduce 212 (src line 1729)


state 24
	tagged_declarator:  tagged_union_declarator.    (213)

	.  reduce 213 (src line 1733)


state 25
	tagged_declarator:  tagged_enumeration_declarator.    (214)

	.  reduce 214 (src line 1738)


state 26
	attributes0:  attributes1.    (52)
	attributes1:  attributes1.'[' attributes_list comma ']' 

	'['  shift 73
	.  reduce 52 (src line 721)


state 27
	tagged_struct_declarator:  STRUCT.tag 
	tagged_struct:  STRUCT.tag '{' member_list '}' 

	IDENT  shift 75
	.  error

	tag  goto 74

state 28
	tagged_struct_declarator:  tagged_struct.    (265)

	.  reduce 265 (src line 2060)


state 29
	tagged_union_declarator:  UNION.tag 
	tagged_union:  UNION.tag union_switch union_name '{' union_body '}' 
	tagged_union:  UNION.tag '{' union_body_n_e '}' 
	tagged_union:  UNION.tag '{' union_body_c '}' 

	IDENT  shift 75
	.  error

	tag  goto 76

state 30
	tagged_union_declarator:  tagged_union.    (276)

	.  reduce 276 (src line 2135)


state 31
	tagged_enumeration_declarator:  ENUM.tag 
	tagged_enumeration:  ENUM.tag '{' enumeration1 comma '}' 

	IDENT  shift 75
	.  error

	tag  goto 77

state 32
	tagged_enumeration_declarator:  tagged_enumeration.    (315)

	.  reduce 315 (src line 2422)


state 33
	attributes1:  '['.attributes_list comma ']' 

	FIRST_IS  shift 80
	LAST_IS  shift 81
	LENGTH_IS  shift 82
	MAX_IS  shift 84
	MIN_IS  shift 83
	SIZE_IS  shift 85
	SWITCH_IS  shift 140
	USAGE_STRING  shift 138
	USAGE_CONTEXT_HANDLE  shift 139
	FORMAT  shift 89
	IGNORE  shift 91
	POINTER_REF  shift 135
	POINTER_UNIQUE  shift 136
	POINTER_PTR  shift 137
	IN  shift 141
	OUT  shift 142
	SWITCH_TYPE  shift 143
	TRANSMIT_AS  shift 93
	HANDLE  shift 95
	UUID  shift 100
	IDEMPOTENT  shift 96
	BROADCAST  shift 97
	MAYBE  shift 98
	REFLECT_DELETIONS  shift 99
	VERSION  shift 101
	ENDPOINT  shift 102
	EXCEPTIONS  shift 103
	LOCAL  shift 104
	POINTER_DEFAULT  shift 105
	RETVAL  shift 112
	IID_IS  shift 113
	RANGE  shift 144
	MS_UNION  shift 107
	OBJECT  shift 110
	V1_ENUM  shift 106
	DISABLE_CONSISTENCY_CHECK  shift 109
	CALLBACK  shift 111
	HELP_STRING  shift 114
	DUAL  shift 115
	PROPGET  shift 116
	PROPPUT  shift 117
	PROPPUTREF  shift 118
	ID  shift 119
	HIDDEN  shift 120
	NONEXTENSIBLE  shift 121
	RESTRICTED  shift 122
	DEFAULT_VALUE  shift 123
	ODL  shift 124
	OLEAUTOMATION  shift 125
	OPTIONAL  shift 126
	APPOBJECT  shift 127
	SAFEARRAY  shift 132
	PAD  shift 133
	GOEXT_LAYOUT  shift 134
	GOEXT_DEFAULT_NULL  shift 87
	CALL_AS  shift 129
	ANNOTATION  shift 128
	WIRE_MARSHAL  shift 130
	PUBLIC  shift 131
	.  error

	union_type_switch_attr  goto 94
	attributes_list  goto 78
	attribute  goto 79
	union_instance_switch_attr  goto 90
	directional_attribute  goto 92
	range_attribute  goto 108
	usage_attribute  goto 88
	ptr_attr  goto 86

state 34
	file:  file external.    (4)

	.  reduce 4 (src line 389)


state 35
	external:  interface semicolon.    (7)

	.  reduce 7 (src line 440)


state 36
	semicolon:  ';'.    (12)

	.  reduce 12 (src line 487)


state 37
	external:  coclass semicolon.    (8)

	.  reduce 8 (src line 469)


state 38
	external:  dispinterface semicolon.    (9)

	.  reduce 9 (src line 474)


state 39
	external:  library semicolon.    (10)

	.  reduce 10 (src line 479)


state 40
	import1:  IMPORT import_list.';' 
	import_list:  import_list.',' import_name 

	';'  shift 145
	','  shift 146
	.  error


state 41
	import_list:  import_name.    (133)

	.  reduce 133 (src line 1139)


state 42
	import_name:  STRING_LITERAL.    (135)

	.  reduce 135 (src line 1149)


state 43
	export:  type_declarator ';'.    (129)

	.  reduce 129 (src line 1121)


state 44
	export:  const_declarator ';'.    (130)

	.  reduce 130 (src line 1125)


state 45
	export:  tagged_declarator ';'.    (132)

	.  reduce 132 (src line 1133)


state 46
	interface:  interface_header '{'.interface_body '}' 
	interface:  interface_header '{'.'}' 
	import: .    (124)

	IMPORT  shift 10
	'}'  shift 148
	.  reduce 124 (src line 1085)

	interface_body  goto 147
	import  goto 149
	import1  goto 150

state 47
	coclass:  coclass_header '{'.coclass_member_list '}' 
	coclass_attributes0: .    (29)

	'['  shift 154
	.  reduce 29 (src line 586)

	coclass_member_list  goto 151
	coclass_member  goto 152
	coclass_attributes0  goto 153

state 48
	dispinterface:  dispinterface_header '{'.dispinterface_body '}' 

	METHODS  shift 158
	PROPERTIES  shift 157
	.  error

	dispinterface_body  goto 155
	dispinterface_component  goto 156

state 49
	library:  library_header '{'.library_body '}' 
	attributes0: .    (51)

	IMPORTLIB  shift 165
	'['  shift 33
	.  reduce 51 (src line 717)

	library_body  goto 159
	library_element  goto 160
	importlib  goto 163
	interface_header  goto 162
	coclass  goto 161
	coclass_header  goto 16
	attributes0  goto 164
	attributes1  goto 26

state 50
	library_header:  attributes0 LIBRARY.IDENT 

	IDENT  shift 166
	.  error


state 51
	coclass_header:  attributes0 COCLASS.IDENT 

	IDENT  shift 167
	.  error


state 52
	dispinterface_header:  attributes0 DISPINTERFACE.IDENT 

	IDENT  shift 168
	.  error


state 53
	interface_header:  attributes0 INTERFACE.IDENT interface_base 

	IDENT  shift 169
	.  error


state 54
	type_declarator:  attributes0 TYPEDEF.attributes0 type_spec declarators 
	attributes0: .    (51)

	'['  shift 33
	.  reduce 51 (src line 717)

	attributes0  goto 170
	attributes1  goto 26

state 55
	const_declarator:  CONST const_type_spec.IDENT '=' const_exp 

	IDENT  shift 171
	.  error


state 56
	const_type_spec:  primitive_integer_type.    (139)

	.  reduce 139 (src line 1202)


state 57
	const_type_spec:  IDENT.    (140)

	.  reduce 140 (src line 1206)


state 58
	const_type_spec:  CHAR.    (141)
	const_type_spec:  CHAR.'*' 

	'*'  shift 172
	.  reduce 141 (src line 1240)


state 59
	const_type_spec:  UNSIGNED.CHAR 
	unsigned_integer:  UNSIGNED.integer_size int 
	sign:  UNSIGNED.    (253)

	LONG  shift 68
	SHORT  shift 69
	SMALL  shift 70
	CHAR  shift 173
	.  reduce 253 (src line 2008)

	integer_size  goto 174

state 60
	const_type_spec:  BOOLEAN.    (143)

	.  reduce 143 (src line 1248)


state 61
	const_type_spec:  VOID.'*' 

	'*'  shift 175
	.  error


state 62
	primitive_integer_type:  signed_integer.    (228)

	.  reduce 228 (src line 1817)


state 63
	primitive_integer_type:  unsigned_integer.    (229)

	.  reduce 229 (src line 1821)


state 64
	primitive_integer_type:  ms_integer.    (230)

	.  reduce 230 (src line 1825)


state 65
	signed_integer:  SIGNED.integer_size int 
	sign:  SIGNED.    (254)

	LONG  shift 68
	SHORT  shift 69
	SMALL  shift 70
	.  reduce 254 (src line 2012)

	integer_size  goto 176

state 66
	signed_integer:  integer_size.int 
	unsigned_integer:  integer_size.UNSIGNED int 
	int: .    (257)

	UNSIGNED  shift 178
	INT  shift 179
	.  reduce 257 (src line 2022)

	int  goto 177

state 67
	ms_integer:  sign.INT 
	ms_integer:  sign.INT8 
	ms_integer:  sign.INT16 
	ms_integer:  sign.INT32 
	ms_integer:  sign.INT3264 
	ms_integer:  sign.INT64 

	INT  shift 180
	INT3264  shift 184
	INT8  shift 181
	INT16  shift 182
	INT32  shift 183
	INT64  shift 185
	.  error


state 68
	integer_size:  LONG.    (241)

	.  reduce 241 (src line 1937)


state 69
	integer_size:  SHORT.    (242)

	.  reduce 242 (src line 1941)


state 70
	integer_size:  SMALL.    (243)

	.  reduce 243 (src line 1945)


state 71
	pragma_declarator:  PRAGMA_DEFINE IDENT.const_exp 

	NULL  shift 190
	TRUE  shift 191
	FALSE  shift 192
	SIZEOF  shift 211
	CHARACTER_LITERAL  shift 189
	STRING_LITERAL  shift 188
	INT_LITERAL  shift 210
	IDENT  shift 212
	'+'  shift 206
	'-'  shift 207
	'*'  shift 213
	'('  shift 214
	'~'  shift 208
	'!'  shift 209
	.  error

	const_exp  goto 186
	integer_const_exp  goto 187
	conditional_exp  goto 193
	logical_or_exp  goto 194
	logical_and_exp  goto 195
	inclusive_or_exp  goto 196
	exclusive_or_exp  goto 197
	and_exp  goto 198
	equality_exp  goto 199
	relational_exp  goto 200
	shift_exp  goto 201
	additive_exp  goto 202
	multiplicative_exp  goto 203
	unary_exp  goto 204
	primary_exp  goto 205

state 72
	pragma_declarator:  PRAGMA_CPP_QUOTE '('.STRING_LITERAL ')' 

	STRING_LITERAL  shift 215
	.  error


state 73
	attributes1:  attributes1 '['.attributes_list comma ']' 

	FIRST_IS  shift 80
	LAST_IS  shift 81
	LENGTH_IS  shift 82
	MAX_IS  shift 84
	MIN_IS  shift 83
	SIZE_IS  shift 85
	SWITCH_IS  shift 140
	USAGE_STRING  shift 138
	USAGE_CONTEXT_HANDLE  shift 139
	FORMAT  shift 89
	IGNORE  shift 91
	POINTER_REF  shift 135
	POINTER_UNIQUE  shift 136
	POINTER_PTR  shift 137
	IN  shift 141
	OUT  shift 142
	SWITCH_TYPE  shift 143
	TRANSMIT_AS  shift 93
	HANDLE  shift 95
	UUID  shift 100
	IDEMPOTENT  shift 96
	BROADCAST  shift 97
	MAYBE  shift 98
	REFLECT_DELETIONS  shift 99
	VERSION  shift 101
	ENDPOINT  shift 102
	EXCEPTIONS  shift 103
	LOCAL  shift 104
	POINTER_DEFAULT  shift 105
	RETVAL  shift 112
	IID_IS  shift 113
	RANGE  shift 144
	MS_UNION  shift 107
	OBJECT  shift 110
	V1_ENUM  shift 106
	DISABLE_CONSISTENCY_CHECK  shift 109
	CALLBACK  shift 111
	HELP_STRING  shift 114
	DUAL  shift 115
	PROPGET  shift 116
	PROPPUT  shift 117
	PROPPUTREF  shift 118
	ID  shift 119
	HIDDEN  shift 120
	NONEXTENSIBLE  shift 121
	RESTRICTED  shift 122
	DEFAULT_VALUE  shift 123
	ODL  shift 124
	OLEAUTOMATION  shift 125
	OPTIONAL  shift 126
	APPOBJECT  shift 127
	SAFEARRAY  shift 132
	PAD  shift 133
	GOEXT_LAYOUT  shift 134
	GOEXT_DEFAULT_NULL  shift 87
	CALL_AS  shift 129
	ANNOTATION  shift 128
	WIRE_MARSHAL  shift 130
	PUBLIC  shift 131
	.  error

	union_type_switch_attr  goto 94
	attributes_list  goto 216
	attribute  goto 79
	union_instance_switch_attr  goto 90
	directional_attribute  goto 92
	range_attribute  goto 108
	usage_attribute  goto 88
	ptr_attr  goto 86

state 74
	tagged_struct_declarator:  STRUCT tag.    (264)
	tagged_struct:  STRUCT tag.'{' member_list '}' 

	'{'  shift 217
	.  reduce 264 (src line 2049)


state 75
	tag:  IDENT.    (268)

	.  reduce 268 (src line 2088)


state 76
	tagged_union_declarator:  UNION tag.    (275)
	tagged_union:  UNION tag.union_switch union_name '{' union_body '}' 
	tagged_union:  UNION tag.'{' union_body_n_e '}' 
	tagged_union:  UNION tag.'{' union_body_c '}' 

	SWITCH  shift 220
	'{'  shift 219
	.  reduce 275 (src line 2131)

	union_switch  goto 218

state 77
	tagged_enumeration_declarator:  ENUM tag.    (314)
	tagged_enumeration:  ENUM tag.'{' enumeration1 comma '}' 

	'{'  shift 221
	.  reduce 314 (src line 2418)


state 78
	attributes1:  '[' attributes_list.comma ']' 
	attributes_list:  attributes_list.',' attribute 
	comma: .    (319)

	','  shift 223
	.  reduce 319 (src line 2468)

	comma  goto 222

state 79
	attributes_list:  attribute.    (55)

	.  reduce 55 (src line 737)


state 80
	attribute:  FIRST_IS.'(' attr_var_list ')' 

	'('  shift 224
	.  error


state 81
	attribute:  LAST_IS.'(' attr_var_list ')' 

	'('  shift 225
	.  error


state 82
	attribute:  LENGTH_IS.'(' attr_var_list ')' 

	'('  shift 226
	.  error


state 83
	attribute:  MIN_IS.'(' attr_var_list ')' 

	'('  shift 227
	.  error


state 84
	attribute:  MAX_IS.'(' attr_var_list ')' 

	'('  shift 228
	.  error


state 85
	attribute:  SIZE_IS.'(' attr_var_list ')' 
	attribute:  SIZE_IS.'(' '*' ')' 

	'('  shift 229
	.  error


state 86
	attribute:  ptr_attr.    (63)

	.  reduce 63 (src line 772)


state 87
	attribute:  GOEXT_DEFAULT_NULL.'(' attr_var ')' 

	'('  shift 230
	.  error


state 88
	attribute:  usage_attribute.    (65)

	.  reduce 65 (src line 784)


state 89
	attribute:  FORMAT.'(' format_attribute ')' 

	'('  shift 231
	.  error


state 90
	attribute:  union_instance_switch_attr.    (67)

	.  reduce 67 (src line 792)


state 91
	attribute:  IGNORE.    (68)

	.  reduce 68 (src line 796)


state 92
	attribute:  directional_attribute.    (69)

	.  reduce 69 (src line 800)


state 93
	attribute:  TRANSMIT_AS.'(' xmit_type ')' 

	'('  shift 232
	.  error


state 94
	attribute:  union_type_switch_attr.    (71)

	.  reduce 71 (src line 808)


state 95
	attribute:  HANDLE.    (72)

	.  reduce 72 (src line 812)


state 96
	attribute:  IDEMPOTENT.    (73)

	.  reduce 73 (src line 816)


state 97
	attribute:  BROADCAST.    (74)

	.  reduce 74 (src line 820)


state 98
	attribute:  MAYBE.    (75)

	.  reduce 75 (src line 824)


state 99
	attribute:  REFLECT_DELETIONS.    (76)

	.  reduce 76 (src line 828)


state 100
	attribute:  UUID.    (77)

	.  reduce 77 (src line 832)


state 101
	attribute:  VERSION.'(' version ')' 

	'('  shift 233
	.  error


state 102
	attribute:  ENDPOINT.'(' port_spec1 ')' 

	'('  shift 234
	.  error


state 103
	attribute:  EXCEPTIONS.'(' excep_name1 ')' 

	'('  shift 235
	.  error


state 104
	attribute:  LOCAL.    (81)

	.  reduce 81 (src line 848)


state 105
	attribute:  POINTER_DEFAULT.'(' ptr_attr ')' 

	'('  shift 236
	.  error


state 106
	attribute:  V1_ENUM.    (83)

	.  reduce 83 (src line 863)


state 107
	attribute:  MS_UNION.    (84)

	.  reduce 84 (src line 867)


state 108
	attribute:  range_attribute.    (85)

	.  reduce 85 (src line 871)


state 109
	attribute:  DISABLE_CONSISTENCY_CHECK.    (86)

	.  reduce 86 (src line 875)


state 110
	attribute:  OBJECT.    (87)

	.  reduce 87 (src line 879)


state 111
	attribute:  CALLBACK.    (88)

	.  reduce 88 (src line 883)


state 112
	attribute:  RETVAL.    (89)

	.  reduce 89 (src line 887)


state 113
	attribute:  IID_IS.'(' attr_var ')' 

	'('  shift 237
	.  error


state 114
	attribute:  HELP_STRING.'(' STRING_LITERAL ')' 

	'('  shift 238
	.  error


state 115
	attribute:  DUAL.    (92)

	.  reduce 92 (src line 899)


state 116
	attribute:  PROPGET.    (93)

	.  reduce 93 (src line 903)


state 117
	attribute:  PROPPUT.    (94)

	.  reduce 94 (src line 907)


state 118
	attribute:  PROPPUTREF.    (95)

	.  reduce 95 (src line 911)


state 119
	attribute:  ID.'(' integer_const_exp ')' 

	'('  shift 239
	.  error


state 120
	attribute:  HIDDEN.    (97)

	.  reduce 97 (src line 928)


state 121
	attribute:  NONEXTENSIBLE.    (98)

	.  reduce 98 (src line 932)


state 122
	attribute:  RESTRICTED.    (99)

	.  reduce 99 (src line 936)


state 123
	attribute:  DEFAULT_VALUE.'(' const_exp ')' 

	'('  shift 240
	.  error


state 124
	attribute:  ODL.    (101)

	.  reduce 101 (src line 949)


state 125
	attribute:  OLEAUTOMATION.    (102)

	.  reduce 102 (src line 953)


state 126
	attribute:  OPTIONAL.    (103)

	.  reduce 103 (src line 957)


state 127
	attribute:  APPOBJECT.    (104)

	.  reduce 104 (src line 961)


state 128
	attribute:  ANNOTATION.'(' STRING_LITERAL ')' 

	'('  shift 241
	.  error


state 129
	attribute:  CALL_AS.'(' IDENT ')' 

	'('  shift 242
	.  error


state 130
	attribute:  WIRE_MARSHAL.'(' IDENT ')' 

	'('  shift 243
	.  error


state 131
	attribute:  PUBLIC.    (108)

	.  reduce 108 (src line 977)


state 132
	attribute:  SAFEARRAY.'(' type_spec ')' 

	'('  shift 244
	.  error


state 133
	attribute:  PAD.'(' INT_LITERAL ')' 

	'('  shift 245
	.  error


state 134
	attribute:  GOEXT_LAYOUT.'(' field_declarator ')' 

	'('  shift 246
	.  error


state 135
	ptr_attr:  POINTER_REF.    (351)

	.  reduce 351 (src line 2680)


state 136
	ptr_attr:  POINTER_UNIQUE.    (352)

	.  reduce 352 (src line 2684)


state 137
	ptr_attr:  POINTER_PTR.    (353)

	.  reduce 353 (src line 2688)


state 138
	usage_attribute:  USAGE_STRING.    (331)

	.  reduce 331 (src line 2560)


state 139
	usage_attribute:  USAGE_CONTEXT_HANDLE.    (332)

	.  reduce 332 (src line 2564)


state 140
	union_instance_switch_attr:  SWITCH_IS.'(' attr_var ')' 

	'('  shift 247
	.  error


state 141
	directional_attribute:  IN.    (360)

	.  reduce 360 (src line 2744)


state 142
	directional_attribute:  OUT.    (361)

	.  reduce 361 (src line 2748)


state 143
	union_type_switch_attr:  SWITCH_TYPE.'(' switch_type_spec ')' 

	'('  shift 248
	.  error


state 144
	range_attribute:  RANGE.range_declarator 

	'('  shift 250
	.  error

	range_declarator  goto 249

state 145
	import1:  IMPORT import_list ';'.    (126)

	.  reduce 126 (src line 1095)


state 146
	import_list:  import_list ','.import_name 

	STRING_LITERAL  shift 42
	.  error

	import_name  goto 251

state 147
	interface:  interface_header '{' interface_body.'}' 

	'}'  shift 252
	.  error


state 148
	interface:  interface_header '{' '}'.    (47)

	.  reduce 47 (src line 695)


state 149
	interface_body:  import.interface_component1 
	attributes0: .    (51)

	STRUCT  shift 27
	CONST  shift 20
	ENUM  shift 31
	UNION  shift 29
	PRAGMA_DEFINE  shift 21
	PRAGMA_CPP_QUOTE  shift 22
	'['  shift 33
	.  reduce 51 (src line 717)

	interface_component  goto 254
	interface_component1  goto 253
	export  goto 255
	op_declarator  goto 256
	const_declarator  goto 12
	pragma_declarator  goto 13
	type_declarator  goto 11
	tagged_struct  goto 28
	tagged_struct_declarator  goto 23
	tagged_declarator  goto 14
	tagged_enumeration  goto 32
	tagged_enumeration_declarator  goto 25
	tagged_union_declarator  goto 24
	tagged_union  goto 30
	attributes0  goto 257
	attributes1  goto 26

state 150
	import:  import1.    (125)

	.  reduce 125 (src line 1089)


state 151
	coclass:  coclass_header '{' coclass_member_list.'}' 
	coclass_member_list:  coclass_member_list.coclass_member 
	coclass_attributes0: .    (29)

	'}'  shift 258
	'['  shift 154
	.  reduce 29 (src line 586)

	coclass_member  goto 259
	coclass_attributes0  goto 153

state 152
	coclass_member_list:  coclass_member.    (23)

	.  reduce 23 (src line 556)


state 153
	coclass_member:  coclass_attributes0.coclass_type_spec IDENT ';' 

	INTERFACE  shift 261
	DISPINTERFACE  shift 262
	IDENT  shift 263
	.  error

	coclass_type_spec  goto 260

state 154
	coclass_attributes0:  '['.coclass_attribute_list comma ']' 

	DEFAULT  shift 266
	SOURCE  shift 267
	.  error

	coclass_attribute_list  goto 264
	coclass_attribute  goto 265

state 155
	dispinterface:  dispinterface_header '{' dispinterface_body.'}' 
	dispinterface_body:  dispinterface_body.dispinterface_component 

	METHODS  shift 158
	PROPERTIES  shift 157
	'}'  shift 268
	.  error

	dispinterface_component  goto 269

state 156
	dispinterface_body:  dispinterface_component.    (37)

	.  reduce 37 (src line 642)


state 157
	dispinterface_component:  PROPERTIES.':' property_list 

	':'  shift 270
	.  error


state 158
	dispinterface_component:  METHODS.':' method_list 

	':'  shift 271
	.  error


state 159
	library:  library_header '{' library_body.'}' 
	library_body:  library_body.library_element semicolon 
	attributes0: .    (51)

	IMPORTLIB  shift 165
	'}'  shift 272
	'['  shift 33
	.  reduce 51 (src line 717)

	library_element  goto 273
	importlib  goto 163
	interface_header  goto 162
	coclass  goto 161
	coclass_header  goto 16
	attributes0  goto 164
	attributes1  goto 26

state 160
	library_body:  library_element.semicolon 
	semicolon: .    (11)

	';'  shift 36
	.  reduce 11 (src line 486)

	semicolon  goto 274

state 161
	library_element:  coclass.    (17)

	.  reduce 17 (src line 521)


state 162
	library_element:  interface_header.    (18)

	.  reduce 18 (src line 526)


state 163
	library_element:  importlib.    (19)

	.  reduce 19 (src line 531)


state 164
	coclass_header:  attributes0.COCLASS IDENT 
	interface_header:  attributes0.INTERFACE IDENT interface_base 

	INTERFACE  shift 53
	COCLASS  shift 51
	.  error


state 165
	importlib:  IMPORTLIB.'(' STRING_LITERAL ')' 

	'('  shift 275
	.  error


state 166
	library_header:  attributes0 LIBRARY IDENT.    (14)

	.  reduce 14 (src line 496)


state 167
	coclass_header:  attributes0 COCLASS IDENT.    (22)

	.  reduce 22 (src line 550)


state 168
	dispinterface_header:  attributes0 DISPINTERFACE IDENT.    (36)

	.  reduce 36 (src line 636)


state 169
	interface_header:  attributes0 INTERFACE IDENT.interface_base 
	interface_base: .    (49)

	':'  shift 277
	.  reduce 49 (src line 707)

	interface_base  goto 276

state 170
	type_declarator:  attributes0 TYPEDEF attributes0.type_spec declarators 
	sign: .    (252)

	FLOAT  shift 305
	DOUBLE  shift 306
	HYPER  shift 308
	UNSIGNED  shift 309
	SIGNED  shift 65
	LONG  shift 68
	SHORT  shift 69
	SMALL  shift 70
	BOOLEAN  shift 311
	BYTE  shift 312
	VOID  shift 313
	HANDLE_T  shift 314
	ERROR_STATUS_T  shift 298
	ISO_LATIN_1  shift 316
	ISO_MULTILINGUAL  shift 317
	ISO_UCS  shift 318
	STRUCT  shift 301
	CONST  shift 280
	ENUM  shift 303
	PIPE  shift 304
	UNION  shift 302
	WCHAR_T  shift 315
	IDENT  shift 300
	.  reduce 252 (src line 2004)

	struct_type  goto 285
	union_type  goto 286
	pipe_type  goto 289
	enumeration_type  goto 287
	type_spec  goto 278
	tagged_struct  goto 28
	tagged_struct_declarator  goto 23
	constructed_type_spec  goto 281
	tagged_declarator  goto 288
	tagged_enumeration  goto 32
	tagged_enumeration_declarator  goto 25
	tagged_union_declarator  goto 24
	tagged_union  goto 30
	simple_type_spec  goto 279
	type_ident  goto 284
	predefined_type_spec  goto 283
	base_type_spec  goto 282
	floating_pt_type  goto 290
	integer_type  goto 291
	char_type  goto 292
	wchar_type  goto 297
	boolean_type  goto 293
	byte_type  goto 294
	void_type  goto 295
	handle_type  goto 296
	primitive_integer_type  goto 307
	signed_integer  goto 62
	ms_integer  goto 64
	unsigned_integer  goto 63
	sign  goto 310
	integer_size  goto 66
	international_character_type  goto 299

state 171
	const_declarator:  CONST const_type_spec IDENT.'=' const_exp 

	'='  shift 319
	.  error


state 172
	const_type_spec:  CHAR '*'.    (145)

	.  reduce 145 (src line 1256)


state 173
	const_type_spec:  UNSIGNED CHAR.    (142)

	.  reduce 142 (src line 1244)


state 174
	unsigned_integer:  UNSIGNED integer_size.int 
	int: .    (257)

	INT  shift 179
	.  reduce 257 (src line 2022)

	int  goto 320

state 175
	const_type_spec:  VOID '*'.    (144)

	.  reduce 144 (src line 1252)


state 176
	signed_integer:  SIGNED integer_size.int 
	int: .    (257)

	INT  shift 179
	.  reduce 257 (src line 2022)

	int  goto 321

state 177
	signed_integer:  integer_size int.    (232)

	.  reduce 232 (src line 1842)


state 178
	unsigned_integer:  integer_size UNSIGNED.int 
	int: .    (257)

	INT  shift 179
	.  reduce 257 (src line 2022)

	int  goto 322

state 179
	int:  INT.    (258)

	.  reduce 258 (src line 2023)


state 180
	ms_integer:  sign INT.    (235)

	.  reduce 235 (src line 1880)


state 181
	ms_integer:  sign INT8.    (236)

	.  reduce 236 (src line 1889)


state 182
	ms_integer:  sign INT16.    (237)

	.  reduce 237 (src line 1898)


state 183
	ms_integer:  sign INT32.    (238)

	.  reduce 238 (src line 1907)


state 184
	ms_integer:  sign INT3264.    (239)

	.  reduce 239 (src line 1916)


state 185
	ms_integer:  sign INT64.    (240)

	.  reduce 240 (src line 1925)


state 186
	pragma_declarator:  PRAGMA_DEFINE IDENT const_exp.    (137)

	.  reduce 137 (src line 1166)


state 187
	const_exp:  integer_const_exp.    (146)

	.  reduce 146 (src line 1262)


state 188
	const_exp:  STRING_LITERAL.    (147)

	.  reduce 147 (src line 1266)


state 189
	const_exp:  CHARACTER_LITERAL.    (148)

	.  reduce 148 (src line 1270)


state 190
	const_exp:  NULL.    (149)

	.  reduce 149 (src line 1274)


state 191
	const_exp:  TRUE.    (150)

	.  reduce 150 (src line 1278)


state 192
	const_exp:  FALSE.    (151)

	.  reduce 151 (src line 1282)


state 193
	integer_const_exp:  conditional_exp.    (152)

	.  reduce 152 (src line 1288)


state 194
	conditional_exp:  logical_or_exp.    (153)
	conditional_exp:  logical_or_exp.'?' integer_const_exp ':' conditional_exp 
	logical_or_exp:  logical_or_exp.LOGICAL_OR logical_and_exp 

	LOGICAL_OR  shift 324
	'?'  shift 323
	.  reduce 153 (src line 1294)


state 195
	logical_or_exp:  logical_and_exp.    (155)
	logical_and_exp:  logical_and_exp.LOGICAL_AND inclusive_or_exp 

	LOGICAL_AND  shift 325
	.  reduce 155 (src line 1309)


state 196
	logical_and_exp:  inclusive_or_exp.    (157)
	inclusive_or_exp:  inclusive_or_exp.OR exclusive_or_exp 

	OR  shift 326
	.  reduce 157 (src line 1324)


state 197
	inclusive_or_exp:  exclusive_or_exp.    (159)
	exclusive_or_exp:  exclusive_or_exp.XOR and_exp 

	XOR  shift 327
	.  reduce 159 (src line 1339)


state 198
	exclusive_or_exp:  and_exp.    (161)
	and_exp:  and_exp.AND equality_exp 

	AND  shift 328
	.  reduce 161 (src line 1354)


state 199
	and_exp:  equality_exp.    (163)
	equality_exp:  equality_exp.EQ relational_exp 
	equality_exp:  equality_exp.NE relational_exp 

	EQ  shift 329
	NE  shift 330
	.  reduce 163 (src line 1369)


state 200
	equality_exp:  relational_exp.    (165)
	relational_exp:  relational_exp.LT shift_exp 
	relational_exp:  relational_exp.GT shift_exp 
	relational_exp:  relational_exp.LE shift_exp 
	relational_exp:  relational_exp.GE shift_exp 

	LE  shift 333
	GE  shift 334
	LT  shift 331
	GT  shift 332
	.  reduce 165 (src line 1384)


state 201
	relational_exp:  shift_exp.    (168)
	shift_exp:  shift_exp.LSH additive_exp 
	shift_exp:  shift_exp.RSH additive_exp 

	LSH  shift 335
	RSH  shift 336
	.  reduce 168 (src line 1408)


state 202
	shift_exp:  additive_exp.    (173)
	additive_exp:  additive_exp.'-' multiplicative_exp 
	additive_exp:  additive_exp.'+' multiplicative_exp 

	'+'  shift 338
	'-'  shift 337
	.  reduce 173 (src line 1450)


state 203
	additive_exp:  multiplicative_exp.    (176)
	multiplicative_exp:  multiplicative_exp.'*' unary_exp 
	multiplicative_exp:  multiplicative_exp.'/' unary_exp 
	multiplicative_exp:  multiplicative_exp.'%' unary_exp 

	'*'  shift 339
	'/'  shift 340
	'%'  shift 341
	.  reduce 176 (src line 1474)


state 204
	multiplicative_exp:  unary_exp.    (179)

	.  reduce 179 (src line 1498)


state 205
	unary_exp:  primary_exp.    (183)

	.  reduce 183 (src line 1531)


state 206
	unary_exp:  '+'.primary_exp 

	SIZEOF  shift 211
	INT_LITERAL  shift 210
	IDENT  shift 212
	'*'  shift 213
	'('  shift 214
	.  error

	primary_exp  goto 342

state 207
	unary_exp:  '-'.primary_exp 

	SIZEOF  shift 211
	INT_LITERAL  shift 210
	IDENT  shift 212
	'*'  shift 213
	'('  shift 214
	.  error

	primary_exp  goto 343

state 208
	unary_exp:  '~'.primary_exp 

	SIZEOF  shift 211
	INT_LITERAL  shift 210
	IDENT  shift 212
	'*'  shift 213
	'('  shift 214
	.  error

	primary_exp  goto 344

state 209
	unary_exp:  '!'.primary_exp 

	SIZEOF  shift 211
	INT_LITERAL  shift 210
	IDENT  shift 212
	'*'  shift 213
	'('  shift 214
	.  error

	primary_exp  goto 345

state 210
	primary_exp:  INT_LITERAL.    (188)

	.  reduce 188 (src line 1573)


state 211
	primary_exp:  SIZEOF.'(' type_spec ')' 

	'('  shift 346
	.  error


state 212
	primary_exp:  IDENT.    (190)

	.  reduce 190 (src line 1586)


state 213
	primary_exp:  '*'.IDENT 

	IDENT  shift 347
	.  error


state 214
	primary_exp:  '('.const_exp ')' 

	NULL  shift 190
	TRUE  shift 191
	FALSE  shift 192
	SIZEOF  shift 211
	CHARACTER_LITERAL  shift 189
	STRING_LITERAL  shift 188
	INT_LITERAL  shift 210
	IDENT  shift 212
	'+'  shift 206
	'-'  shift 207
	'*'  shift 213
	'('  shift 214
	'~'  shift 208
	'!'  shift 209
	.  error

	const_exp  goto 348
	integer_const_exp  goto 187
	conditional_exp  goto 193
	logical_or_exp  goto 194
	logical_and_exp  goto 195
	inclusive_or_exp  goto 196
	exclusive_or_exp  goto 197
	and_exp  goto 198
	equality_exp  goto 199
	relational_exp  goto 200
	shift_exp  goto 201
	additive_exp  goto 202
	multiplicative_exp  goto 203
	unary_exp  goto 204
	primary_exp  goto 205

state 215
	pragma_declarator:  PRAGMA_CPP_QUOTE '(' STRING_LITERAL.')' 

	')'  shift 349
	.  error


state 216
	attributes1:  attributes1 '[' attributes_list.comma ']' 
	attributes_list:  attributes_list.',' attribute 
	comma: .    (319)

	','  shift 223
	.  reduce 319 (src line 2468)

	comma  goto 350

state 217
	tagged_struct:  STRUCT tag '{'.member_list '}' 
	attributes0: .    (51)

	'['  shift 33
	.  reduce 51 (src line 717)

	attributes0  goto 354
	attributes1  goto 26
	member_list  goto 351
	member  goto 352
	field_declarator  goto 353

state 218
	tagged_union:  UNION tag union_switch.union_name '{' union_body '}' 
	union_name: .    (289)

	IDENT  shift 356
	.  reduce 289 (src line 2247)

	union_name  goto 355

state 219
	tagged_union:  UNION tag '{'.union_body_n_e '}' 
	tagged_union:  UNION tag '{'.union_body_c '}' 
	attributes0: .    (51)

	';'  shift 363
	'['  shift 365
	.  reduce 51 (src line 717)

	attributes0  goto 354
	attributes1  goto 26
	field_declarator  goto 364
	union_body_n_e  goto 357
	union_body_c  goto 358
	union_case_n_e  goto 359
	union_case_label_n_e  goto 361
	union_arm  goto 360
	default_case_n_e  goto 362

state 220
	union_switch:  SWITCH.'(' switch_type_spec IDENT ')' 

	'('  shift 366
	.  error


state 221
	tagged_enumeration:  ENUM tag '{'.enumeration1 comma '}' 

	IDENT  shift 369
	.  error

	identifier_tag  goto 368
	enumeration1  goto 367

state 222
	attributes1:  '[' attributes_list comma.']' 

	']'  shift 370
	.  error


state 223
	attributes_list:  attributes_list ','.attribute 
	comma:  ','.    (320)

	FIRST_IS  shift 80
	LAST_IS  shift 81
	LENGTH_IS  shift 82
	MAX_IS  shift 84
	MIN_IS  shift 83
	SIZE_IS  shift 85
	SWITCH_IS  shift 140
	USAGE_STRING  shift 138
	USAGE_CONTEXT_HANDLE  shift 139
	FORMAT  shift 89
	IGNORE  shift 91
	POINTER_REF  shift 135
	POINTER_UNIQUE  shift 136
	POINTER_PTR  shift 137
	IN  shift 141
	OUT  shift 142
	SWITCH_TYPE  shift 143
	TRANSMIT_AS  shift 93
	HANDLE  shift 95
	UUID  shift 100
	IDEMPOTENT  shift 96
	BROADCAST  shift 97
	MAYBE  shift 98
	REFLECT_DELETIONS  shift 99
	VERSION  shift 101
	ENDPOINT  shift 102
	EXCEPTIONS  shift 103
	LOCAL  shift 104
	POINTER_DEFAULT  shift 105
	RETVAL  shift 112
	IID_IS  shift 113
	RANGE  shift 144
	MS_UNION  shift 107
	OBJECT  shift 110
	V1_ENUM  shift 106
	DISABLE_CONSISTENCY_CHECK  shift 109
	CALLBACK  shift 111
	HELP_STRING  shift 114
	DUAL  shift 115
	PROPGET  shift 116
	PROPPUT  shift 117
	PROPPUTREF  shift 118
	ID  shift 119
	HIDDEN  shift 120
	NONEXTENSIBLE  shift 121
	RESTRICTED  shift 122
	DEFAULT_VALUE  shift 123
	ODL  shift 124
	OLEAUTOMATION  shift 125
	OPTIONAL  shift 126
	APPOBJECT  shift 127
	SAFEARRAY  shift 132
	PAD  shift 133
	GOEXT_LAYOUT  shift 134
	GOEXT_DEFAULT_NULL  shift 87
	CALL_AS  shift 129
	ANNOTATION  shift 128
	WIRE_MARSHAL  shift 130
	PUBLIC  shift 131
	.  reduce 320 (src line 2469)

	union_type_switch_attr  goto 94
	attribute  goto 371
	union_instance_switch_attr  goto 90
	directional_attribute  goto 92
	range_attribute  goto 108
	usage_attribute  goto 88
	ptr_attr  goto 86

state 224
	attribute:  FIRST_IS '('.attr_var_list ')' 
	attr_var: .    (345)

	SIZEOF  shift 211
	INT_LITERAL  shift 210
	IDENT  shift 212
	'+'  shift 206
	'-'  shift 207
	'*'  shift 213
	'('  shift 214
	'~'  shift 208
	'!'  shift 209
	.  reduce 345 (src line 2646)

	integer_const_exp  goto 374
	conditional_exp  goto 193
	logical_or_exp  goto 194
	logical_and_exp  goto 195
	inclusive_or_exp  goto 196
	exclusive_or_exp  goto 197
	and_exp  goto 198
	equality_exp  goto 199
	relational_exp  goto 200
	shift_exp  goto 201
	additive_exp  goto 202
	multiplicative_exp  goto 203
	unary_exp  goto 204
	primary_exp  goto 205
	attr_var  goto 373
	attr_var_list  goto 372

state 225
	attribute:  LAST_IS '('.attr_var_list ')' 
	attr_var: .    (345)

	SIZEOF  shift 211
	INT_LITERAL  shift 210
	IDENT  shift 212
	'+'  shift 206
	'-'  shift 207
	'*'  shift 213
	'('  shift 214
	'~'  shift 208
	'!'  shift 209
	.  reduce 345 (src line 2646)

	integer_const_exp  goto 374
	conditional_exp  goto 193
	logical_or_exp  goto 194
	logical_and_exp  goto 195
	inclusive_or_exp  goto 196
	exclusive_or_exp  goto 197
	and_exp  goto 198
	equality_exp  goto 199
	relational_exp  goto 200
	shift_exp  goto 201
	additive_exp  goto 202
	multiplicative_exp  goto 203
	unary_exp  goto 204
	primary_exp  goto 205
	attr_var  goto 373
	attr_var_list  goto 375

state 226
	attribute:  LENGTH_IS '('.attr_var_list ')' 
	attr_var: .    (345)

	SIZEOF  shift 211
	INT_LITERAL  shift 210
	IDENT  shift 212
	'+'  shift 206
	'-'  shift 207
	'*'  shift 213
	'('  shift 214
	'~'  shift 208
	'!'  shift 209
	.  reduce 345 (src line 2646)

	integer_const_exp  goto 374
	conditional_exp  goto 193
	logical_or_exp  goto 194
	logical_and_exp  goto 195
	inclusive_or_exp  goto 196
	exclusive_or_exp  goto 197
	and_exp  goto 198
	equality_exp  goto 199
	relational_exp  goto 200
	shift_exp  goto 201
	additive_exp  goto 202
	multiplicative_exp  goto 203
	unary_exp  goto 204
	primary_exp  goto 205
	attr_var  goto 373
	attr_var_list  goto 376

state 227
	attribute:  MIN_IS '('.attr_var_list ')' 
	attr_var: .    (345)

	SIZEOF  shift 211
	INT_LITERAL  shift 210
	IDENT  shift 212
	'+'  shift 206
	'-'  shift 207
	'*'  shift 213
	'('  shift 214
	'~'  shift 208
	'!'  shift 209
	.  reduce 345 (src line 2646)

	integer_const_exp  goto 374
	conditional_exp  goto 193
	logical_or_exp  goto 194
	logical_and_exp  goto 195
	inclusive_or_exp  goto 196
	exclusive_or_exp  goto 197
	and_exp  goto 198
	equality_exp  goto 199
	relational_exp  goto 200
	shift_exp  goto 201
	additive_exp  goto 202
	multiplicative_exp  goto 203
	unary_exp  goto 204
	primary_exp  goto 205
	attr_var  goto 373
	attr_var_list  goto 377

state 228
	attribute:  MAX_IS '('.attr_var_list ')' 
	attr_var: .    (345)

	SIZEOF  shift 211
	INT_LITERAL  shift 210
	IDENT  shift 212
	'+'  shift 206
	'-'  shift 207
	'*'  shift 213
	'('  shift 214
	'~'  shift 208
	'!'  shift 209
	.  reduce 345 (src line 2646)

	integer_const_exp  goto 374
	conditional_exp  goto 193
	logical_or_exp  goto 194
	logical_and_exp  goto 195
	inclusive_or_exp  goto 196
	exclusive_or_exp  goto 197
	and_exp  goto 198
	equality_exp  goto 199
	relational_exp  goto 200
	shift_exp  goto 201
	additive_exp  goto 202
	multiplicative_exp  goto 203
	unary_exp  goto 204
	primary_exp  goto 205
	attr_var  goto 373
	attr_var_list  goto 378

state 229
	attribute:  SIZE_IS '('.attr_var_list ')' 
	attribute:  SIZE_IS '('.'*' ')' 
	attr_var: .    (345)

	SIZEOF  shift 211
	INT_LITERAL  shift 210
	IDENT  shift 212
	'+'  shift 206
	'-'  shift 207
	'*'  shift 380
	'('  shift 214
	'~'  shift 208
	'!'  shift 209
	.  reduce 345 (src line 2646)

	integer_const_exp  goto 374
	conditional_exp  goto 193
	logical_or_exp  goto 194
	logical_and_exp  goto 195
	inclusive_or_exp  goto 196
	exclusive_or_exp  goto 197
	and_exp  goto 198
	equality_exp  goto 199
	relational_exp  goto 200
	shift_exp  goto 201
	additive_exp  goto 202
	multiplicative_exp  goto 203
	unary_exp  goto 204
	primary_exp  goto 205
	attr_var  goto 373
	attr_var_list  goto 379

state 230
	attribute:  GOEXT_DEFAULT_NULL '('.attr_var ')' 
	attr_var: .    (345)

	SIZEOF  shift 211
	INT_LITERAL  shift 210
	IDENT  shift 212
	'+'  shift 206
	'-'  shift 207
	'*'  shift 213
	'('  shift 214
	'~'  shift 208
	'!'  shift 209
	.  reduce 345 (src line 2646)

	integer_const_exp  goto 374
	conditional_exp  goto 193
	logical_or_exp  goto 194
	logical_and_exp  goto 195
	inclusive_or_exp  goto 196
	exclusive_or_exp  goto 197
	and_exp  goto 198
	equality_exp  goto 199
	relational_exp  goto 200
	shift_exp  goto 201
	additive_exp  goto 202
	multiplicative_exp  goto 203
	unary_exp  goto 204
	primary_exp  goto 205
	attr_var  goto 381

state 231
	attribute:  FORMAT '('.format_attribute ')' 

	FORMAT_NULL_TERMINATED  shift 384
	FORMAT_MULTI_SIZE  shift 385
	FORMAT_UTF8  shift 383
	FORMAT_RUNE  shift 386
	FORMAT_HEX  shift 387
	FORMAT_PRESERVE_NULL  shift 388
	.  error

	format_attribute  goto 382

state 232
	attribute:  TRANSMIT_AS '('.xmit_type ')' 
	sign: .    (252)

	FLOAT  shift 305
	DOUBLE  shift 306
	HYPER  shift 308
	UNSIGNED  shift 309
	SIGNED  shift 65
	LONG  shift 68
	SHORT  shift 69
	SMALL  shift 70
	BOOLEAN  shift 311
	BYTE  shift 312
	VOID  shift 313
	HANDLE_T  shift 314
	ERROR_STATUS_T  shift 298
	ISO_LATIN_1  shift 316
	ISO_MULTILINGUAL  shift 317
	ISO_UCS  shift 318
	WCHAR_T  shift 315
	IDENT  shift 300
	.  reduce 252 (src line 2004)

	xmit_type  goto 389
	simple_type_spec  goto 390
	type_ident  goto 284
	predefined_type_spec  goto 283
	base_type_spec  goto 282
	floating_pt_type  goto 290
	integer_type  goto 291
	char_type  goto 292
	wchar_type  goto 297
	boolean_type  goto 293
	byte_type  goto 294
	void_type  goto 295
	handle_type  goto 296
	primitive_integer_type  goto 307
	signed_integer  goto 62
	ms_integer  goto 64
	unsigned_integer  goto 63
	sign  goto 310
	integer_size  goto 66
	international_character_type  goto 299

state 233
	attribute:  VERSION '('.version ')' 

	INT_LITERAL  shift 392
	.  error

	version  goto 391

state 234
	attribute:  ENDPOINT '('.port_spec1 ')' 

	STRING_LITERAL  shift 395
	.  error

	port_spec1  goto 393
	port_spec  goto 394

state 235
	attribute:  EXCEPTIONS '('.excep_name1 ')' 

	IDENT  shift 398
	.  error

	excep_name1  goto 396
	excep_name  goto 397

state 236
	attribute:  POINTER_DEFAULT '('.ptr_attr ')' 

	POINTER_REF  shift 135
	POINTER_UNIQUE  shift 136
	POINTER_PTR  shift 137
	.  error

	ptr_attr  goto 399

state 237
	attribute:  IID_IS '('.attr_var ')' 
	attr_var: .    (345)

	SIZEOF  shift 211
	INT_LITERAL  shift 210
	IDENT  shift 212
	'+'  shift 206
	'-'  shift 207
	'*'  shift 213
	'('  shift 214
	'~'  shift 208
	'!'  shift 209
	.  reduce 345 (src line 2646)

	integer_const_exp  goto 374
	conditional_exp  goto 193
	logical_or_exp  goto 194
	logical_and_exp  goto 195
	inclusive_or_exp  goto 196
	exclusive_or_exp  goto 197
	and_exp  goto 198
	equality_exp  goto 199
	relational_exp  goto 200
	shift_exp  goto 201
	additive_exp  goto 202
	multiplicative_exp  goto 203
	unary_exp  goto 204
	primary_exp  goto 205
	attr_var  goto 400

state 238
	attribute:  HELP_STRING '('.STRING_LITERAL ')' 

	STRING_LITERAL  shift 401
	.  error


state 239
	attribute:  ID '('.integer_const_exp ')' 

	SIZEOF  shift 211
	INT_LITERAL  shift 210
	IDENT  shift 212
	'+'  shift 206
	'-'  shift 207
	'*'  shift 213
	'('  shift 214
	'~'  shift 208
	'!'  shift 209
	.  error

	integer_const_exp  goto 402
	conditional_exp  goto 193
	logical_or_exp  goto 194
	logical_and_exp  goto 195
	inclusive_or_exp  goto 196
	exclusive_or_exp  goto 197
	and_exp  goto 198
	equality_exp  goto 199
	relational_exp  goto 200
	shift_exp  goto 201
	additive_exp  goto 202
	multiplicative_exp  goto 203
	unary_exp  goto 204
	primary_exp  goto 205

state 240
	attribute:  DEFAULT_VALUE '('.const_exp ')' 

	NULL  shift 190
	TRUE  shift 191
	FALSE  shift 192
	SIZEOF  shift 211
	CHARACTER_LITERAL  shift 189
	STRING_LITERAL  shift 188
	INT_LITERAL  shift 210
	IDENT  shift 212
	'+'  shift 206
	'-'  shift 207
	'*'  shift 213
	'('  shift 214
	'~'  shift 208
	'!'  shift 209
	.  error

	const_exp  goto 403
	integer_const_exp  goto 187
	conditional_exp  goto 193
	logical_or_exp  goto 194
	logical_and_exp  goto 195
	inclusive_or_exp  goto 196
	exclusive_or_exp  goto 197
	and_exp  goto 198
	equality_exp  goto 199
	relational_exp  goto 200
	shift_exp  goto 201
	additive_exp  goto 202
	multiplicative_exp  goto 203
	unary_exp  goto 204
	primary_exp  goto 205

state 241
	attribute:  ANNOTATION '('.STRING_LITERAL ')' 

	STRING_LITERAL  shift 404
	.  error


state 242
	attribute:  CALL_AS '('.IDENT ')' 

	IDENT  shift 405
	.  error


state 243
	attribute:  WIRE_MARSHAL '('.IDENT ')' 

	IDENT  shift 406
	.  error


state 244
	attribute:  SAFEARRAY '('.type_spec ')' 
	sign: .    (252)

	FLOAT  shift 305
	DOUBLE  shift 306
	HYPER  shift 308
	UNSIGNED  shift 309
	SIGNED  shift 65
	LONG  shift 68
	SHORT  shift 69
	SMALL  shift 70
	BOOLEAN  shift 311
	BYTE  shift 312
	VOID  shift 313
	HANDLE_T  shift 314
	ERROR_STATUS_T  shift 298
	ISO_LATIN_1  shift 316
	ISO_MULTILINGUAL  shift 317
	ISO_UCS  shift 318
	STRUCT  shift 301
	CONST  shift 280
	ENUM  shift 303
	PIPE  shift 304
	UNION  shift 302
	WCHAR_T  shift 315
	IDENT  shift 300
	.  reduce 252 (src line 2004)

	struct_type  goto 285
	union_type  goto 286
	pipe_type  goto 289
	enumeration_type  goto 287
	type_spec  goto 407
	tagged_struct  goto 28
	tagged_struct_declarator  goto 23
	constructed_type_spec  goto 281
	tagged_declarator  goto 288
	tagged_enumeration  goto 32
	tagged_enumeration_declarator  goto 25
	tagged_union_declarator  goto 24
	tagged_union  goto 30
	simple_type_spec  goto 279
	type_ident  goto 284
	predefined_type_spec  goto 283
	base_type_spec  goto 282
	floating_pt_type  goto 290
	integer_type  goto 291
	char_type  goto 292
	wchar_type  goto 297
	boolean_type  goto 293
	byte_type  goto 294
	void_type  goto 295
	handle_type  goto 296
	primitive_integer_type  goto 307
	signed_integer  goto 62
	ms_integer  goto 64
	unsigned_integer  goto 63
	sign  goto 310
	integer_size  goto 66
	international_character_type  goto 299

state 245
	attribute:  PAD '('.INT_LITERAL ')' 

	INT_LITERAL  shift 408
	.  error


state 246
	attribute:  GOEXT_LAYOUT '('.field_declarator ')' 
	attributes0: .    (51)

	'['  shift 33
	.  reduce 51 (src line 717)

	attributes0  goto 354
	attributes1  goto 26
	field_declarator  goto 409

state 247
	union_instance_switch_attr:  SWITCH_IS '('.attr_var ')' 
	attr_var: .    (345)

	SIZEOF  shift 211
	INT_LITERAL  shift 210
	IDENT  shift 212
	'+'  shift 206
	'-'  shift 207
	'*'  shift 213
	'('  shift 214
	'~'  shift 208
	'!'  shift 209
	.  reduce 345 (src line 2646)

	integer_const_exp  goto 374
	conditional_exp  goto 193
	logical_or_exp  goto 194
	logical_and_exp  goto 195
	inclusive_or_exp  goto 196
	exclusive_or_exp  goto 197
	and_exp  goto 198
	equality_exp  goto 199
	relational_exp  goto 200
	shift_exp  goto 201
	additive_exp  goto 202
	multiplicative_exp  goto 203
	unary_exp  goto 204
	primary_exp  goto 205
	attr_var  goto 410

state 248
	union_type_switch_attr:  SWITCH_TYPE '('.switch_type_spec ')' 
	sign: .    (252)

	UNSIGNED  shift 417
	SIGNED  shift 65
	LONG  shift 68
	SHORT  shift 69
	SMALL  shift 70
	BOOLEAN  shift 311
	ENUM  shift 416
	IDENT  shift 300
	.  reduce 252 (src line 2004)

	switch_type_spec  goto 411
	type_ident  goto 415
	char_type  goto 413
	boolean_type  goto 414
	primitive_integer_type  goto 412
	signed_integer  goto 62
	ms_integer  goto 64
	unsigned_integer  goto 63
	sign  goto 310
	integer_size  goto 66

state 249
	range_attribute:  RANGE range_declarator.    (340)

	.  reduce 340 (src line 2602)


state 250
	range_declarator:  '('.integer_const_exp ',' integer_const_exp ')' 
	range_declarator:  '('.array_bound_pair ')' 

	SIZEOF  shift 211
	INT_LITERAL  shift 210
	IDENT  shift 212
	'+'  shift 206
	'-'  shift 207
	'*'  shift 421
	'('  shift 214
	'~'  shift 208
	'!'  shift 209
	.  error

	integer_const_exp  goto 418
	conditional_exp  goto 193
	logical_or_exp  goto 194
	logical_and_exp  goto 195
	inclusive_or_exp  goto 196
	exclusive_or_exp  goto 197
	and_exp  goto 198
	equality_exp  goto 199
	relational_exp  goto 200
	shift_exp  goto 201
	additive_exp  goto 202
	multiplicative_exp  goto 203
	unary_exp  goto 204
	primary_exp  goto 205
	array_bound_pair  goto 419
	array_bound  goto 420

state 251
	import_list:  import_list ',' import_name.    (134)

	.  reduce 134 (src line 1143)


state 252
	interface:  interface_header '{' interface_body '}'.    (45)

	.  reduce 45 (src line 687)


state 253
	interface_body:  import interface_component1.    (121)
	interface_component1:  interface_component1.interface_component 
	attributes0: .    (51)

	STRUCT  shift 27
	CONST  shift 20
	ENUM  shift 31
	UNION  shift 29
	PRAGMA_DEFINE  shift 21
	PRAGMA_CPP_QUOTE  shift 22
	'}'  reduce 121 (src line 1044)
	'['  shift 33
	.  reduce 51 (src line 717)

	interface_component  goto 422
	export  goto 255
	op_declarator  goto 256
	const_declarator  goto 12
	pragma_declarator  goto 13
	type_declarator  goto 11
	tagged_struct  goto 28
	tagged_struct_declarator  goto 23
	tagged_declarator  goto 14
	tagged_enumeration  goto 32
	tagged_enumeration_declarator  goto 25
	tagged_union_declarator  goto 24
	tagged_union  goto 30
	attributes0  goto 257
	attributes1  goto 26

state 254
	interface_component1:  interface_component.    (122)

	.  reduce 122 (src line 1053)


state 255
	interface_component:  export.    (127)

	.  reduce 127 (src line 1107)


state 256
	interface_component:  op_declarator.';' 

	';'  shift 423
	.  error


state 257
	type_declarator:  attributes0.TYPEDEF attributes0 type_spec declarators 
	op_declarator:  attributes0.simple_type_spec IDENT '(' param_declarators1 ')' 
	op_declarator:  attributes0.simple_type_spec IDENT '(' void ')' 
	sign: .    (252)

	FLOAT  shift 305
	DOUBLE  shift 306
	HYPER  shift 308
	UNSIGNED  shift 309
	SIGNED  shift 65
	LONG  shift 68
	SHORT  shift 69
	SMALL  shift 70
	BOOLEAN  shift 311
	BYTE  shift 312
	VOID  shift 313
	HANDLE_T  shift 314
	ERROR_STATUS_T  shift 298
	ISO_LATIN_1  shift 316
	ISO_MULTILINGUAL  shift 317
	ISO_UCS  shift 318
	TYPEDEF  shift 54
	WCHAR_T  shift 315
	IDENT  shift 300
	.  reduce 252 (src line 2004)

	simple_type_spec  goto 424
	type_ident  goto 284
	predefined_type_spec  goto 283
	base_type_spec  goto 282
	floating_pt_type  goto 290
	integer_type  goto 291
	char_type  goto 292
	wchar_type  goto 297
	boolean_type  goto 293
	byte_type  goto 294
	void_type  goto 295
	handle_type  goto 296
	primitive_integer_type  goto 307
	signed_integer  goto 62
	ms_integer  goto 64
	unsigned_integer  goto 63
	sign  goto 310
	integer_size  goto 66
	international_character_type  goto 299

state 258
	coclass:  coclass_header '{' coclass_member_list '}'.    (21)

	.  reduce 21 (src line 544)


state 259
	coclass_member_list:  coclass_member_list coclass_member.    (24)

	.  reduce 24 (src line 560)


state 260
	coclass_member:  coclass_attributes0 coclass_type_spec.IDENT ';' 

	IDENT  shift 425
	.  error


state 261
	coclass_type_spec:  INTERFACE.    (26)

	.  reduce 26 (src line 572)


state 262
	coclass_type_spec:  DISPINTERFACE.    (27)

	.  reduce 27 (src line 576)


state 263
	coclass_type_spec:  IDENT.    (28)

	.  reduce 28 (src line 580)


state 264
	coclass_attributes0:  '[' coclass_attribute_list.comma ']' 
	coclass_attribute_list:  coclass_attribute_list.',' coclass_attribute 
	comma: .    (319)

	','  shift 427
	.  reduce 319 (src line 2468)

	comma  goto 426

state 265
	coclass_attribute_list:  coclass_attribute.    (31)

	.  reduce 31 (src line 596)


state 266
	coclass_attribute:  DEFAULT.    (33)

	.  reduce 33 (src line 617)


state 267
	coclass_attribute:  SOURCE.    (34)

	.  reduce 34 (src line 621)


state 268
	dispinterface:  dispinterface_header '{' dispinterface_body '}'.    (35)

	.  reduce 35 (src line 627)


state 269
	dispinterface_body:  dispinterface_body dispinterface_component.    (38)

	.  reduce 38 (src line 646)


state 270
	dispinterface_component:  PROPERTIES ':'.property_list 
	property_list: .    (41)
	attributes0: .    (51)

	METHODS  reduce 41 (src line 667)
	PROPERTIES  reduce 41 (src line 667)
	'}'  reduce 41 (src line 667)
	'['  shift 33
	.  reduce 51 (src line 717)

	attributes0  goto 354
	attributes1  goto 26
	member_list  goto 429
	property_list  goto 428
	member  goto 352
	field_declarator  goto 353

state 271
	dispinterface_component:  METHODS ':'.method_list 
	attributes0: .    (51)

	'['  shift 33
	.  reduce 51 (src line 717)

	method_list  goto 430
	op_declarator  goto 431
	attributes0  goto 432
	attributes1  goto 26

state 272
	library:  library_header '{' library_body '}'.    (13)

	.  reduce 13 (src line 490)


state 273
	library_body:  library_body library_element.semicolon 
	semicolon: .    (11)

	';'  shift 36
	.  reduce 11 (src line 486)

	semicolon  goto 433

state 274
	library_body:  library_element semicolon.    (15)

	.  reduce 15 (src line 502)


state 275
	importlib:  IMPORTLIB '('.STRING_LITERAL ')' 

	STRING_LITERAL  shift 434
	.  error


state 276
	interface_header:  attributes0 INTERFACE IDENT interface_base.    (48)

	.  reduce 48 (src line 701)


state 277
	interface_base:  ':'.IDENT 

	IDENT  shift 435
	.  error


state 278
	type_declarator:  attributes0 TYPEDEF attributes0 type_spec.declarators 
	declarators: .    (204)
	pointer_opt0: .    (347)

	'*'  shift 440
	';'  reduce 204 (src line 1682)
	','  reduce 204 (src line 1682)
	.  reduce 347 (src line 2656)

	declarator  goto 437
	declarators  goto 436
	pointer_opt  goto 439
	pointer_opt0  goto 438

state 279
	type_spec:  simple_type_spec.    (194)
	type_spec:  simple_type_spec.CONST 

	CONST  shift 441
	.  reduce 194 (src line 1627)


state 280
	type_spec:  CONST.simple_type_spec 
	sign: .    (252)

	FLOAT  shift 305
	DOUBLE  shift 306
	HYPER  shift 308
	UNSIGNED  shift 309
	SIGNED  shift 65
	LONG  shift 68
	SHORT  shift 69
	SMALL  shift 70
	BOOLEAN  shift 311
	BYTE  shift 312
	VOID  shift 313
	HANDLE_T  shift 314
	ERROR_STATUS_T  shift 298
	ISO_LATIN_1  shift 316
	ISO_MULTILINGUAL  shift 317
	ISO_UCS  shift 318
	WCHAR_T  shift 315
	IDENT  shift 300
	.  reduce 252 (src line 2004)

	simple_type_spec  goto 442
	type_ident  goto 284
	predefined_type_spec  goto 283
	base_type_spec  goto 282
	floating_pt_type  goto 290
	integer_type  goto 291
	char_type  goto 292
	wchar_type  goto 297
	boolean_type  goto 293
	byte_type  goto 294
	void_type  goto 295
	handle_type  goto 296
	primitive_integer_type  goto 307
	signed_integer  goto 62
	ms_integer  goto 64
	unsigned_integer  goto 63
	sign  goto 310
	integer_size  goto 66
	international_character_type  goto 299

state 281
	type_spec:  constructed_type_spec.    (197)

	.  reduce 197 (src line 1639)


state 282
	simple_type_spec:  base_type_spec.    (198)

	.  reduce 198 (src line 1645)


state 283
	simple_type_spec:  predefined_type_spec.    (199)

	.  reduce 199 (src line 1649)


state 284
	simple_type_spec:  type_ident.    (200)

	.  reduce 200 (src line 1653)


state 285
	constructed_type_spec:  struct_type.    (259)

	.  reduce 259 (src line 2027)


state 286
	constructed_type_spec:  union_type.    (260)

	.  reduce 260 (src line 2031)


state 287
	constructed_type_spec:  enumeration_type.    (261)

	.  reduce 261 (src line 2035)


state 288
	constructed_type_spec:  tagged_declarator.    (262)

	.  reduce 262 (src line 2039)


state 289
	constructed_type_spec:  pipe_type.    (263)

	.  reduce 263 (src line 2043)


state 290
	base_type_spec:  floating_pt_type.    (215)

	.  reduce 215 (src line 1752)


state 291
	base_type_spec:  integer_type.    (216)

	.  reduce 216 (src line 1756)


state 292
	base_type_spec:  char_type.    (217)

	.  reduce 217 (src line 1760)


state 293
	base_type_spec:  boolean_type.    (218)

	.  reduce 218 (src line 1764)


state 294
	base_type_spec:  byte_type.    (219)

	.  reduce 219 (src line 1768)


state 295
	base_type_spec:  void_type.    (220)

	.  reduce 220 (src line 1772)


state 296
	base_type_spec:  handle_type.    (221)

	.  reduce 221 (src line 1776)


state 297
	base_type_spec:  wchar_type.    (222)

	.  reduce 222 (src line 1781)


state 298
	predefined_type_spec:  ERROR_STATUS_T.    (364)

	.  reduce 364 (src line 2774)


state 299
	predefined_type_spec:  international_character_type.    (365)

	.  reduce 365 (src line 2778)


state 300
	type_ident:  IDENT.    (201)

	.  reduce 201 (src line 1659)


state 301
	tagged_struct_declarator:  STRUCT.tag 
	struct_type:  STRUCT.'{' member_list '}' 
	tagged_struct:  STRUCT.tag '{' member_list '}' 

	IDENT  shift 75
	'{'  shift 443
	.  error

	tag  goto 74

state 302
	tagged_union_declarator:  UNION.tag 
	union_type:  UNION.union_switch union_name '{' union_body '}' 
	union_type:  UNION.'{' union_body_n_e '}' 
	union_type:  UNION.'{' union_body_c '}' 
	tagged_union:  UNION.tag union_switch union_name '{' union_body '}' 
	tagged_union:  UNION.tag '{' union_body_n_e '}' 
	tagged_union:  UNION.tag '{' union_body_c '}' 

	SWITCH  shift 220
	IDENT  shift 75
	'{'  shift 445
	.  error

	tag  goto 76
	union_switch  goto 444

state 303
	enumeration_type:  ENUM.'{' enumeration1 comma '}' 
	tagged_enumeration_declarator:  ENUM.tag 
	tagged_enumeration:  ENUM.tag '{' enumeration1 comma '}' 

	IDENT  shift 75
	'{'  shift 446
	.  error

	tag  goto 77

state 304
	pipe_type:  PIPE.type_spec 
	sign: .    (252)

	FLOAT  shift 305
	DOUBLE  shift 306
	HYPER  shift 308
	UNSIGNED  shift 309
	SIGNED  shift 65
	LONG  shift 68
	SHORT  shift 69
	SMALL  shift 70
	BOOLEAN  shift 311
	BYTE  shift 312
	VOID  shift 313
	HANDLE_T  shift 314
	ERROR_STATUS_T  shift 298
	ISO_LATIN_1  shift 316
	ISO_MULTILINGUAL  shift 317
	ISO_UCS  shift 318
	STRUCT  shift 301
	CONST  shift 280
	ENUM  shift 303
	PIPE  shift 304
	UNION  shift 302
	WCHAR_T  shift 315
	IDENT  shift 300
	.  reduce 252 (src line 2004)

	struct_type  goto 285
	union_type  goto 286
	pipe_type  goto 289
	enumeration_type  goto 287
	type_spec  goto 447
	tagged_struct  goto 28
	tagged_struct_declarator  goto 23
	constructed_type_spec  goto 281
	tagged_declarator  goto 288
	tagged_enumeration  goto 32
	tagged_enumeration_declarator  goto 25
	tagged_union_declarator  goto 24
	tagged_union  goto 30
	simple_type_spec  goto 279
	type_ident  goto 284
	predefined_type_spec  goto 283
	base_type_spec  goto 282
	floating_pt_type  goto 290
	integer_type  goto 291
	char_type  goto 292
	wchar_type  goto 297
	boolean_type  goto 293
	byte_type  goto 294
	void_type  goto 295
	handle_type  goto 296
	primitive_integer_type  goto 307
	signed_integer  goto 62
	ms_integer  goto 64
	unsigned_integer  goto 63
	sign  goto 310
	integer_size  goto 66
	international_character_type  goto 299

state 305
	floating_pt_type:  FLOAT.    (223)

	.  reduce 223 (src line 1788)


state 306
	floating_pt_type:  DOUBLE.    (224)

	.  reduce 224 (src line 1792)


state 307
	integer_type:  primitive_integer_type.    (225)

	.  reduce 225 (src line 1798)


state 308
	integer_type:  HYPER.unsigned int 
	unsigned: .    (250)

	UNSIGNED  shift 449
	.  reduce 250 (src line 1994)

	unsigned  goto 448

state 309
	integer_type:  UNSIGNED.HYPER int 
	unsigned_integer:  UNSIGNED.integer_size int 
	sign:  UNSIGNED.    (253)

	HYPER  shift 450
	LONG  shift 68
	SHORT  shift 69
	SMALL  shift 70
	.  reduce 253 (src line 2008)

	integer_size  goto 174

state 310
	ms_integer:  sign.INT 
	ms_integer:  sign.INT8 
	ms_integer:  sign.INT16 
	ms_integer:  sign.INT32 
	ms_integer:  sign.INT3264 
	ms_integer:  sign.INT64 
	char_type:  sign.CHAR 

	INT  shift 180
	CHAR  shift 451
	INT3264  shift 184
	INT8  shift 181
	INT16  shift 182
	INT32  shift 183
	INT64  shift 185
	.  error


state 311
	boolean_type:  BOOLEAN.    (246)

	.  reduce 246 (src line 1970)


state 312
	byte_type:  BYTE.    (247)

	.  reduce 247 (src line 1976)


state 313
	void_type:  VOID.    (248)

	.  reduce 248 (src line 1982)


state 314
	handle_type:  HANDLE_T.    (249)

	.  reduce 249 (src line 1988)


state 315
	wchar_type:  WCHAR_T.    (245)

	.  reduce 245 (src line 1963)


state 316
	international_character_type:  ISO_LATIN_1.    (366)

	.  reduce 366 (src line 2793)


state 317
	international_character_type:  ISO_MULTILINGUAL.    (367)

	.  reduce 367 (src line 2797)


state 318
	international_character_type:  ISO_UCS.    (368)

	.  reduce 368 (src line 2801)


state 319
	const_declarator:  CONST const_type_spec IDENT '='.const_exp 

	NULL  shift 190
	TRUE  shift 191
	FALSE  shift 192
	SIZEOF  shift 211
	CHARACTER_LITERAL  shift 189
	STRING_LITERAL  shift 188
	INT_LITERAL  shift 210
	IDENT  shift 212
	'+'  shift 206
	'-'  shift 207
	'*'  shift 213
	'('  shift 214
	'~'  shift 208
	'!'  shift 209
	.  error

	const_exp  goto 452
	integer_const_exp  goto 187
	conditional_exp  goto 193
	logical_or_exp  goto 194
	logical_and_exp  goto 195
	inclusive_or_exp  goto 196
	exclusive_or_exp  goto 197
	and_exp  goto 198
	equality_exp  goto 199
	relational_exp  goto 200
	shift_exp  goto 201
	additive_exp  goto 202
	multiplicative_exp  goto 203
	unary_exp  goto 204
	primary_exp  goto 205

state 320
	unsigned_integer:  UNSIGNED integer_size int.    (234)

	.  reduce 234 (src line 1866)


state 321
	signed_integer:  SIGNED integer_size int.    (231)

	.  reduce 231 (src line 1831)


state 322
	unsigned_integer:  integer_size UNSIGNED int.    (233)

	.  reduce 233 (src line 1855)


state 323
	conditional_exp:  logical_or_exp '?'.integer_const_exp ':' conditional_exp 

	SIZEOF  shift 211
	INT_LITERAL  shift 210
	IDENT  shift 212
	'+'  shift 206
	'-'  shift 207
	'*'  shift 213
	'('  shift 214
	'~'  shift 208
	'!'  shift 209
	.  error

	integer_const_exp  goto 453
	conditional_exp  goto 193
	logical_or_exp  goto 194
	logical_and_exp  goto 195
	inclusive_or_exp  goto 196
	exclusive_or_exp  goto 197
	and_exp  goto 198
	equality_exp  goto 199
	relational_exp  goto 200
	shift_exp  goto 201
	additive_exp  goto 202
	multiplicative_exp  goto 203
	unary_exp  goto 204
	primary_exp  goto 205

state 324
	logical_or_exp:  logical_or_exp LOGICAL_OR.logical_and_exp 

	SIZEOF  shift 211
	INT_LITERAL  shift 210
	IDENT  shift 212
	'+'  shift 206
	'-'  shift 207
	'*'  shift 213
	'('  shift 214
	'~'  shift 208
	'!'  shift 209
	.  error

	logical_and_exp  goto 454
	inclusive_or_exp  goto 196
	exclusive_or_exp  goto 197
	and_exp  goto 198
	equality_exp  goto 199
	relational_exp  goto 200
	shift_exp  goto 201
	additive_exp  goto 202
	multiplicative_exp  goto 203
	unary_exp  goto 204
	primary_exp  goto 205

state 325
	logical_and_exp:  logical_and_exp LOGICAL_AND.inclusive_or_exp 

	SIZEOF  shift 211
	INT_LITERAL  shift 210
	IDENT  shift 212
	'+'  shift 206
	'-'  shift 207
	'*'  shift 213
	'('  shift 214
	'~'  shift 208
	'!'  shift 209
	.  error

	inclusive_or_exp  goto 455
	exclusive_or_exp  goto 197
	and_exp  goto 198
	equality_exp  goto 199
	relational_exp  goto 200
	shift_exp  goto 201
	additive_exp  goto 202
	multiplicative_exp  goto 203
	unary_exp  goto 204
	primary_exp  goto 205

state 326
	inclusive_or_exp:  inclusive_or_exp OR.exclusive_or_exp 

	SIZEOF  shift 211
	INT_LITERAL  shift 210
	IDENT  shift 212
	'+'  shift 206
	'-'  shift 207
	'*'  shift 213
	'('  shift 214
	'~'  shift 208
	'!'  shift 209
	.  error

	exclusive_or_exp  goto 456
	and_exp  goto 198
	equality_exp  goto 199
	relational_exp  goto 200
	shift_exp  goto 201
	additive_exp  goto 202
	multiplicative_exp  goto 203
	unary_exp  goto 204
	primary_exp  goto 205

state 327
	exclusive_or_exp:  exclusive_or_exp XOR.and_exp 

	SIZEOF  shift 211
	INT_LITERAL  shift 210
	IDENT  shift 212
	'+'  shift 206
	'-'  shift 207
	'*'  shift 213
	'('  shift 214
	'~'  shift 208
	'!'  shift 209
	.  error

	and_exp  goto 457
	equality_exp  goto 199
	relational_exp  goto 200
	shift_exp  goto 201
	additive_exp  goto 202
	multiplicative_exp  goto 203
	unary_exp  goto 204
	primary_exp  goto 205

state 328
	and_exp:  and_exp AND.equality_exp 

	SIZEOF  shift 211
	INT_LITERAL  shift 210
	IDENT  shift 212
	'+'  shift 206
	'-'  shift 207
	'*'  shift 213
	'('  shift 214
	'~'  shift 208
	'!'  shift 209
	.  error

	equality_exp  goto 458
	relational_exp  goto 200
	shift_exp  goto 201
	additive_exp  goto 202
	multiplicative_exp  goto 203
	unary_exp  goto 204
	primary_exp  goto 205

state 329
	equality_exp:  equality_exp EQ.relational_exp 

	SIZEOF  shift 211
	INT_LITERAL  shift 210
	IDENT  shift 212
	'+'  shift 206
	'-'  shift 207
	'*'  shift 213
	'('  shift 214
	'~'  shift 208
	'!'  shift 209
	.  error

	relational_exp  goto 459
	shift_exp  goto 201
	additive_exp  goto 202
	multiplicative_exp  goto 203
	unary_exp  goto 204
	primary_exp  goto 205

state 330
	equality_exp:  equality_exp NE.relational_exp 

	SIZEOF  shift 211
	INT_LITERAL  shift 210
	IDENT  shift 212
	'+'  shift 206
	'-'  shift 207
	'*'  shift 213
	'('  shift 214
	'~'  shift 208
	'!'  shift 209
	.  error

	relational_exp  goto 460
	shift_exp  goto 201
	additive_exp  goto 202
	multiplicative_exp  goto 203
	unary_exp  goto 204
	primary_exp  goto 205

state 331
	relational_exp:  relational_exp LT.shift_exp 

	SIZEOF  shift 211
	INT_LITERAL  shift 210
	IDENT  shift 212
	'+'  shift 206
	'-'  shift 207
	'*'  shift 213
	'('  shift 214
	'~'  shift 208
	'!'  shift 209
	.  error

	shift_exp  goto 461
	additive_exp  goto 202
	multiplicative_exp  goto 203
	unary_exp  goto 204
	primary_exp  goto 205

state 332
	relational_exp:  relational_exp GT.shift_exp 

	SIZEOF  shift 211
	INT_LITERAL  shift 210
	IDENT  shift 212
	'+'  shift 206
	'-'  shift 207
	'*'  shift 213
	'('  shift 214
	'~'  shift 208
	'!'  shift 209
	.  error

	shift_exp  goto 462
	additive_exp  goto 202
	multiplicative_exp  goto 203
	unary_exp  goto 204
	primary_exp  goto 205

state 333
	relational_exp:  relational_exp LE.shift_exp 

	SIZEOF  shift 211
	INT_LITERAL  shift 210
	IDENT  shift 212
	'+'  shift 206
	'-'  shift 207
	'*'  shift 213
	'('  shift 214
	'~'  shift 208
	'!'  shift 209
	.  error

	shift_exp  goto 463
	additive_exp  goto 202
	multiplicative_exp  goto 203
	unary_exp  goto 204
	primary_exp  goto 205

state 334
	relational_exp:  relational_exp GE.shift_exp 

	SIZEOF  shift 211
	INT_LITERAL  shift 210
	IDENT  shift 212
	'+'  shift 206
	'-'  shift 207
	'*'  shift 213
	'('  shift 214
	'~'  shift 208
	'!'  shift 209
	.  error

	shift_exp  goto 464
	additive_exp  goto 202
	multiplicative_exp  goto 203
	unary_exp  goto 204
	primary_exp  goto 205

state 335
	shift_exp:  shift_exp LSH.additive_exp 

	SIZEOF  shift 211
	INT_LITERAL  shift 210
	IDENT  shift 212
	'+'  shift 206
	'-'  shift 207
	'*'  shift 213
	'('  shift 214
	'~'  shift 208
	'!'  shift 209
	.  error

	additive_exp  goto 465
	multiplicative_exp  goto 203
	unary_exp  goto 204
	primary_exp  goto 205

state 336
	shift_exp:  shift_exp RSH.additive_exp 

	SIZEOF  shift 211
	INT_LITERAL  shift 210
	IDENT  shift 212
	'+'  shift 206
	'-'  shift 207
	'*'  shift 213
	'('  shift 214
	'~'  shift 208
	'!'  shift 209
	.  error

	additive_exp  goto 466
	multiplicative_exp  goto 203
	unary_exp  goto 204
	primary_exp  goto 205

state 337
	additive_exp:  additive_exp '-'.multiplicative_exp 

	SIZEOF  shift 211
	INT_LITERAL  shift 210
	IDENT  shift 212
	'+'  shift 206
	'-'  shift 207
	'*'  shift 213
	'('  shift 214
	'~'  shift 208
	'!'  shift 209
	.  error

	multiplicative_exp  goto 467
	unary_exp  goto 204
	primary_exp  goto 205

state 338
	additive_exp:  additive_exp '+'.multiplicative_exp 

	SIZEOF  shift 211
	INT_LITERAL  shift 210
	IDENT  shift 212
	'+'  shift 206
	'-'  shift 207
	'*'  shift 213
	'('  shift 214
	'~'  shift 208
	'!'  shift 209
	.  error

	multiplicative_exp  goto 468
	unary_exp  goto 204
	primary_exp  goto 205

state 339
	multiplicative_exp:  multiplicative_exp '*'.unary_exp 

	SIZEOF  shift 211
	INT_LITERAL  shift 210
	IDENT  shift 212
	'+'  shift 206
	'-'  shift 207
	'*'  shift 213
	'('  shift 214
	'~'  shift 208
	'!'  shift 209
	.  error

	unary_exp  goto 469
	primary_exp  goto 205

state 340
	multiplicative_exp:  multiplicative_exp '/'.unary_exp 

	SIZEOF  shift 211
	INT_LITERAL  shift 210
	IDENT  shift 212
	'+'  shift 206
	'-'  shift 207
	'*'  shift 213
	'('  shift 214
	'~'  shift 208
	'!'  shift 209
	.  error

	unary_exp  goto 470
	primary_exp  goto 205

state 341
	multiplicative_exp:  multiplicative_exp '%'.unary_exp 

	SIZEOF  shift 211
	INT_LITERAL  shift 210
	IDENT  shift 212
	'+'  shift 206
	'-'  shift 207
	'*'  shift 213
	'('  shift 214
	'~'  shift 208
	'!'  shift 209
	.  error

	unary_exp  goto 471
	primary_exp  goto 205

state 342
	unary_exp:  '+' primary_exp.    (184)

	.  reduce 184 (src line 1535)


state 343
	unary_exp:  '-' primary_exp.    (185)

	.  reduce 185 (src line 1544)


state 344
	unary_exp:  '~' primary_exp.    (186)

	.  reduce 186 (src line 1553)


state 345
	unary_exp:  '!' primary_exp.    (187)

	.  reduce 187 (src line 1562)


state 346
	primary_exp:  SIZEOF '('.type_spec ')' 
	sign: .    (252)

	FLOAT  shift 305
	DOUBLE  shift 306
	HYPER  shift 308
	UNSIGNED  shift 309
	SIGNED  shift 65
	LONG  shift 68
	SHORT  shift 69
	SMALL  shift 70
	BOOLEAN  shift 311
	BYTE  shift 312
	VOID  shift 313
	HANDLE_T  shift 314
	ERROR_STATUS_T  shift 298
	ISO_LATIN_1  shift 316
	ISO_MULTILINGUAL  shift 317
	ISO_UCS  shift 318
	STRUCT  shift 301
	CONST  shift 280
	ENUM  shift 303
	PIPE  shift 304
	UNION  shift 302
	WCHAR_T  shift 315
	IDENT  shift 300
	.  reduce 252 (src line 2004)

	struct_type  goto 285
	union_type  goto 286
	pipe_type  goto 289
	enumeration_type  goto 287
	type_spec  goto 472
	tagged_struct  goto 28
	tagged_struct_declarator  goto 23
	constructed_type_spec  goto 281
	tagged_declarator  goto 288
	tagged_enumeration  goto 32
	tagged_enumeration_declarator  goto 25
	tagged_union_declarator  goto 24
	tagged_union  goto 30
	simple_type_spec  goto 279
	type_ident  goto 284
	predefined_type_spec  goto 283
	base_type_spec  goto 282
	floating_pt_type  goto 290
	integer_type  goto 291
	char_type  goto 292
	wchar_type  goto 297
	boolean_type  goto 293
	byte_type  goto 294
	void_type  goto 295
	handle_type  goto 296
	primitive_integer_type  goto 307
	signed_integer  goto 62
	ms_integer  goto 64
	unsigned_integer  goto 63
	sign  goto 310
	integer_size  goto 66
	international_character_type  goto 299

state 347
	primary_exp:  '*' IDENT.    (191)

	.  reduce 191 (src line 1594)


state 348
	primary_exp:  '(' const_exp.')' 

	')'  shift 473
	.  error


state 349
	pragma_declarator:  PRAGMA_CPP_QUOTE '(' STRING_LITERAL ')'.    (138)

	.  reduce 138 (src line 1195)


state 350
	attributes1:  attributes1 '[' attributes_list comma.']' 

	']'  shift 474
	.  error


state 351
	tagged_struct:  STRUCT tag '{' member_list.'}' 
	member_list:  member_list.member 
	attributes0: .    (51)

	'}'  shift 475
	'['  shift 33
	.  reduce 51 (src line 717)

	attributes0  goto 354
	attributes1  goto 26
	member  goto 476
	field_declarator  goto 353

state 352
	member_list:  member.    (269)

	.  reduce 269 (src line 2094)


state 353
	member:  field_declarator.';' 

	';'  shift 477
	.  error


state 354
	field_declarator:  attributes0.type_spec declarators field_attr_var 
	sign: .    (252)

	FLOAT  shift 305
	DOUBLE  shift 306
	HYPER  shift 308
	UNSIGNED  shift 309
	SIGNED  shift 65
	LONG  shift 68
	SHORT  shift 69
	SMALL  shift 70
	BOOLEAN  shift 311
	BYTE  shift 312
	VOID  shift 313
	HANDLE_T  shift 314
	ERROR_STATUS_T  shift 298
	ISO_LATIN_1  shift 316
	ISO_MULTILINGUAL  shift 317
	ISO_UCS  shift 318
	STRUCT  shift 301
	CONST  shift 280
	ENUM  shift 303
	PIPE  shift 304
	UNION  shift 302
	WCHAR_T  shift 315
	IDENT  shift 300
	.  reduce 252 (src line 2004)

	struct_type  goto 285
	union_type  goto 286
	pipe_type  goto 289
	enumeration_type  goto 287
	type_spec  goto 478
	tagged_struct  goto 28
	tagged_struct_declarator  goto 23
	constructed_type_spec  goto 281
	tagged_declarator  goto 288
	tagged_enumeration  goto 32
	tagged_enumeration_declarator  goto 25
	tagged_union_declarator  goto 24
	tagged_union  goto 30
	simple_type_spec  goto 279
	type_ident  goto 284
	predefined_type_spec  goto 283
	base_type_spec  goto 282
	floating_pt_type  goto 290
	integer_type  goto 291
	char_type  goto 292
	wchar_type  goto 297
	boolean_type  goto 293
	byte_type  goto 294
	void_type  goto 295
	handle_type  goto 296
	primitive_integer_type  goto 307
	signed_integer  goto 62
	ms_integer  goto 64
	unsigned_integer  goto 63
	sign  goto 310
	integer_size  goto 66
	international_character_type  goto 299

state 355
	tagged_union:  UNION tag union_switch union_name.'{' union_body '}' 

	'{'  shift 479
	.  error


state 356
	union_name:  IDENT.    (290)

	.  reduce 290 (src line 2254)


state 357
	tagged_union:  UNION tag '{' union_body_n_e.'}' 
	union_body_n_e:  union_body_n_e.union_case_n_e 

	'}'  shift 480
	'['  shift 482
	.  error

	union_case_n_e  goto 481
	union_case_label_n_e  goto 361
	default_case_n_e  goto 362

state 358
	tagged_union:  UNION tag '{' union_body_c.'}' 
	union_body_c:  union_body_c.union_arm 
	attributes0: .    (51)

	';'  shift 363
	'}'  shift 483
	'['  shift 33
	.  reduce 51 (src line 717)

	attributes0  goto 354
	attributes1  goto 26
	field_declarator  goto 364
	union_arm  goto 484

state 359
	union_body_n_e:  union_case_n_e.    (295)

	.  reduce 295 (src line 2280)


state 360
	union_body_c:  union_arm.    (293)

	.  reduce 293 (src line 2270)


state 361
	union_case_n_e:  union_case_label_n_e.union_arm 
	attributes0: .    (51)

	';'  shift 363
	'['  shift 33
	.  reduce 51 (src line 717)

	attributes0  goto 354
	attributes1  goto 26
	field_declarator  goto 364
	union_arm  goto 485

state 362
	union_case_n_e:  default_case_n_e.    (302)

	.  reduce 302 (src line 2322)


state 363
	union_arm:  ';'.    (309)

	.  reduce 309 (src line 2363)


state 364
	union_arm:  field_declarator.';' 

	';'  shift 486
	.  error


state 365
	attributes1:  '['.attributes_list comma ']' 
	union_case_label_n_e:  '['.CASE '(' const_exp1 ')' ']' 
	default_case_n_e:  '['.DEFAULT ']' union_arm 

	FIRST_IS  shift 80
	LAST_IS  shift 81
	LENGTH_IS  shift 82
	MAX_IS  shift 84
	MIN_IS  shift 83
	SIZE_IS  shift 85
	SWITCH_IS  shift 140
	USAGE_STRING  shift 138
	USAGE_CONTEXT_HANDLE  shift 139
	FORMAT  shift 89
	IGNORE  shift 91
	POINTER_REF  shift 135
	POINTER_UNIQUE  shift 136
	POINTER_PTR  shift 137
	IN  shift 141
	OUT  shift 142
	CASE  shift 487
	DEFAULT  shift 488
	SWITCH_TYPE  shift 143
	TRANSMIT_AS  shift 93
	HANDLE  shift 95
	UUID  shift 100
	IDEMPOTENT  shift 96
	BROADCAST  shift 97
	MAYBE  shift 98
	REFLECT_DELETIONS  shift 99
	VERSION  shift 101
	ENDPOINT  shift 102
	EXCEPTIONS  shift 103
	LOCAL  shift 104
	POINTER_DEFAULT  shift 105
	RETVAL  shift 112
	IID_IS  shift 113
	RANGE  shift 144
	MS_UNION  shift 107
	OBJECT  shift 110
	V1_ENUM  shift 106
	DISABLE_CONSISTENCY_CHECK  shift 109
	CALLBACK  shift 111
	HELP_STRING  shift 114
	DUAL  shift 115
	PROPGET  shift 116
	PROPPUT  shift 117
	PROPPUTREF  shift 118
	ID  shift 119
	HIDDEN  shift 120
	NONEXTENSIBLE  shift 121
	RESTRICTED  shift 122
	DEFAULT_VALUE  shift 123
	ODL  shift 124
	OLEAUTOMATION  shift 125
	OPTIONAL  shift 126
	APPOBJECT  shift 127
	SAFEARRAY  shift 132
	PAD  shift 133
	GOEXT_LAYOUT  shift 134
	GOEXT_DEFAULT_NULL  shift 87
	CALL_AS  shift 129
	ANNOTATION  shift 128
	WIRE_MARSHAL  shift 130
	PUBLIC  shift 131
	.  error

	union_type_switch_attr  goto 94
	attributes_list  goto 78
	attribute  goto 79
	union_instance_switch_attr  goto 90
	directional_attribute  goto 92
	range_attribute  goto 108
	usage_attribute  goto 88
	ptr_attr  goto 86

state 366
	union_switch:  SWITCH '('.switch_type_spec IDENT ')' 
	sign: .    (252)

	UNSIGNED  shift 417
	SIGNED  shift 65
	LONG  shift 68
	SHORT  shift 69
	SMALL  shift 70
	BOOLEAN  shift 311
	ENUM  shift 416
	IDENT  shift 300
	.  reduce 252 (src line 2004)

	switch_type_spec  goto 489
	type_ident  goto 415
	char_type  goto 413
	boolean_type  goto 414
	primitive_integer_type  goto 412
	signed_integer  goto 62
	ms_integer  goto 64
	unsigned_integer  goto 63
	sign  goto 310
	integer_size  goto 66

state 367
	tagged_enumeration:  ENUM tag '{' enumeration1.comma '}' 
	enumeration1:  enumeration1.',' identifier_tag 
	comma: .    (319)

	','  shift 491
	.  reduce 319 (src line 2468)

	comma  goto 490

state 368
	enumeration1:  identifier_tag.    (317)

	.  reduce 317 (src line 2458)


state 369
	identifier_tag:  IDENT.    (321)
	identifier_tag:  IDENT.'=' integer_const_exp 

	'='  shift 492
	.  reduce 321 (src line 2472)


state 370
	attributes1:  '[' attributes_list comma ']'.    (53)

	.  reduce 53 (src line 727)


state 371
	attributes_list:  attributes_list ',' attribute.    (56)

	.  reduce 56 (src line 741)


state 372
	attribute:  FIRST_IS '(' attr_var_list.')' 
	attr_var_list:  attr_var_list.',' attr_var 

	')'  shift 493
	','  shift 494
	.  error


state 373
	attr_var_list:  attr_var.    (343)

	.  reduce 343 (src line 2634)


state 374
	attr_var:  integer_const_exp.    (346)

	.  reduce 346 (src line 2650)


state 375
	attribute:  LAST_IS '(' attr_var_list.')' 
	attr_var_list:  attr_var_list.',' attr_var 

	')'  shift 495
	','  shift 494
	.  error


state 376
	attribute:  LENGTH_IS '(' attr_var_list.')' 
	attr_var_list:  attr_var_list.',' attr_var 

	')'  shift 496
	','  shift 494
	.  error


state 377
	attribute:  MIN_IS '(' attr_var_list.')' 
	attr_var_list:  attr_var_list.',' attr_var 

	')'  shift 497
	','  shift 494
	.  error


state 378
	attribute:  MAX_IS '(' attr_var_list.')' 
	attr_var_list:  attr_var_list.',' attr_var 

	')'  shift 498
	','  shift 494
	.  error


state 379
	attribute:  SIZE_IS '(' attr_var_list.')' 
	attr_var_list:  attr_var_list.',' attr_var 

	')'  shift 499
	','  shift 494
	.  error


state 380
	attribute:  SIZE_IS '(' '*'.')' 
	primary_exp:  '*'.IDENT 

	IDENT  shift 347
	')'  shift 500
	.  error


state 381
	attribute:  GOEXT_DEFAULT_NULL '(' attr_var.')' 

	')'  shift 501
	.  error


state 382
	attribute:  FORMAT '(' format_attribute.')' 

	')'  shift 502
	.  error


state 383
	format_attribute:  FORMAT_UTF8.    (333)

	.  reduce 333 (src line 2570)


state 384
	format_attribute:  FORMAT_NULL_TERMINATED.    (334)

	.  reduce 334 (src line 2574)


state 385
	format_attribute:  FORMAT_MULTI_SIZE.    (335)

	.  reduce 335 (src line 2578)


state 386
	format_attribute:  FORMAT_RUNE.    (336)

	.  reduce 336 (src line 2582)


state 387
	format_attribute:  FORMAT_HEX.    (337)

	.  reduce 337 (src line 2586)


state 388
	format_attribute:  FORMAT_PRESERVE_NULL.    (338)

	.  reduce 338 (src line 2590)


state 389
	attribute:  TRANSMIT_AS '(' xmit_type.')' 

	')'  shift 503
	.  error


state 390
	xmit_type:  simple_type_spec.    (339)

	.  reduce 339 (src line 2596)


state 391
	attribute:  VERSION '(' version.')' 

	')'  shift 504
	.  error


state 392
	version:  INT_LITERAL.    (113)
	version:  INT_LITERAL.'.' INT_LITERAL 

	'.'  shift 505
	.  reduce 113 (src line 1002)


state 393
	attribute:  ENDPOINT '(' port_spec1.')' 
	port_spec1:  port_spec1.',' port_spec 

	')'  shift 506
	','  shift 507
	.  error


state 394
	port_spec1:  port_spec.    (115)

	.  reduce 115 (src line 1012)


state 395
	port_spec:  STRING_LITERAL.    (119)

	.  reduce 119 (src line 1032)


state 396
	attribute:  EXCEPTIONS '(' excep_name1.')' 
	excep_name1:  excep_name1.',' excep_name 

	')'  shift 508
	','  shift 509
	.  error


state 397
	excep_name1:  excep_name.    (117)

	.  reduce 117 (src line 1022)


state 398
	excep_name:  IDENT.    (120)

	.  reduce 120 (src line 1038)


state 399
	attribute:  POINTER_DEFAULT '(' ptr_attr.')' 

	')'  shift 510
	.  error


state 400
	attribute:  IID_IS '(' attr_var.')' 

	')'  shift 511
	.  error


state 401
	attribute:  HELP_STRING '(' STRING_LITERAL.')' 

	')'  shift 512
	.  error


state 402
	attribute:  ID '(' integer_const_exp.')' 

	')'  shift 513
	.  error


state 403
	attribute:  DEFAULT_VALUE '(' const_exp.')' 

	')'  shift 514
	.  error


state 404
	attribute:  ANNOTATION '(' STRING_LITERAL.')' 

	')'  shift 515
	.  error


state 405
	attribute:  CALL_AS '(' IDENT.')' 

	')'  shift 516
	.  error


state 406
	attribute:  WIRE_MARSHAL '(' IDENT.')' 

	')'  shift 517
	.  error


state 407
	attribute:  SAFEARRAY '(' type_spec.')' 

	')'  shift 518
	.  error


state 408
	attribute:  PAD '(' INT_LITERAL.')' 

	')'  shift 519
	.  error


state 409
	attribute:  GOEXT_LAYOUT '(' field_declarator.')' 

	')'  shift 520
	.  error


state 410
	union_instance_switch_attr:  SWITCH_IS '(' attr_var.')' 

	')'  shift 521
	.  error


state 411
	union_type_switch_attr:  SWITCH_TYPE '(' switch_type_spec.')' 

	')'  shift 522
	.  error


state 412
	switch_type_spec:  primitive_integer_type.    (281)

	.  reduce 281 (src line 2182)


state 413
	switch_type_spec:  char_type.    (282)

	.  reduce 282 (src line 2186)


state 414
	switch_type_spec:  boolean_type.    (283)

	.  reduce 283 (src line 2190)


state 415
	switch_type_spec:  type_ident.    (284)

	.  reduce 284 (src line 2194)


state 416
	switch_type_spec:  ENUM.tag 

	IDENT  shift 75
	.  error

	tag  goto 523

state 417
	unsigned_integer:  UNSIGNED.integer_size int 
	sign:  UNSIGNED.    (253)

	LONG  shift 68
	SHORT  shift 69
	SMALL  shift 70
	.  reduce 253 (src line 2008)

	integer_size  goto 174

state 418
	array_bound:  integer_const_exp.    (330)
	range_declarator:  '(' integer_const_exp.',' integer_const_exp ')' 

	','  shift 524
	.  reduce 330 (src line 2545)


state 419
	range_declarator:  '(' array_bound_pair.')' 

	')'  shift 525
	.  error


state 420
	array_bound_pair:  array_bound.RNG array_bound 

	RNG  shift 526
	.  error


state 421
	primary_exp:  '*'.IDENT 
	array_bound:  '*'.    (329)

	IDENT  shift 347
	.  reduce 329 (src line 2541)


state 422
	interface_component1:  interface_component1 interface_component.    (123)

	.  reduce 123 (src line 1064)


state 423
	interface_component:  op_declarator ';'.    (128)

	.  reduce 128 (src line 1115)


state 424
	op_declarator:  attributes0 simple_type_spec.IDENT '(' param_declarators1 ')' 
	op_declarator:  attributes0 simple_type_spec.IDENT '(' void ')' 

	IDENT  shift 527
	.  error


state 425
	coclass_member:  coclass_attributes0 coclass_type_spec IDENT.';' 

	';'  shift 528
	.  error


state 426
	coclass_attributes0:  '[' coclass_attribute_list comma.']' 

	']'  shift 529
	.  error


state 427
	coclass_attribute_list:  coclass_attribute_list ','.coclass_attribute 
	comma:  ','.    (320)

	DEFAULT  shift 266
	SOURCE  shift 267
	.  reduce 320 (src line 2469)

	coclass_attribute  goto 530

state 428
	dispinterface_component:  PROPERTIES ':' property_list.    (39)

	.  reduce 39 (src line 657)


state 429
	property_list:  member_list.    (42)
	member_list:  member_list.member 
	attributes0: .    (51)

	METHODS  reduce 42 (src line 671)
	PROPERTIES  reduce 42 (src line 671)
	'}'  reduce 42 (src line 671)
	'['  shift 33
	.  reduce 51 (src line 717)

	attributes0  goto 354
	attributes1  goto 26
	member  goto 476
	field_declarator  goto 353

state 430
	dispinterface_component:  METHODS ':' method_list.    (40)
	method_list:  method_list.op_declarator ';' 
	attributes0: .    (51)

	METHODS  reduce 40 (src line 661)
	PROPERTIES  reduce 40 (src line 661)
	'}'  reduce 40 (src line 661)
	'['  shift 33
	.  reduce 51 (src line 717)

	op_declarator  goto 531
	attributes0  goto 432
	attributes1  goto 26

state 431
	method_list:  op_declarator.';' 

	';'  shift 532
	.  error


state 432
	op_declarator:  attributes0.simple_type_spec IDENT '(' param_declarators1 ')' 
	op_declarator:  attributes0.simple_type_spec IDENT '(' void ')' 
	sign: .    (252)

	FLOAT  shift 305
	DOUBLE  shift 306
	HYPER  shift 308
	UNSIGNED  shift 309
	SIGNED  shift 65
	LONG  shift 68
	SHORT  shift 69
	SMALL  shift 70
	BOOLEAN  shift 311
	BYTE  shift 312
	VOID  shift 313
	HANDLE_T  shift 314
	ERROR_STATUS_T  shift 298
	ISO_LATIN_1  shift 316
	ISO_MULTILINGUAL  shift 317
	ISO_UCS  shift 318
	WCHAR_T  shift 315
	IDENT  shift 300
	.  reduce 252 (src line 2004)

	simple_type_spec  goto 424
	type_ident  goto 284
	predefined_type_spec  goto 283
	base_type_spec  goto 282
	floating_pt_type  goto 290
	integer_type  goto 291
	char_type  goto 292
	wchar_type  goto 297
	boolean_type  goto 293
	byte_type  goto 294
	void_type  goto 295
	handle_type  goto 296
	primitive_integer_type  goto 307
	signed_integer  goto 62
	ms_integer  goto 64
	unsigned_integer  goto 63
	sign  goto 310
	integer_size  goto 66
	international_character_type  goto 299

state 433
	library_body:  library_body library_element semicolon.    (16)

	.  reduce 16 (src line 506)


state 434
	importlib:  IMPORTLIB '(' STRING_LITERAL.')' 

	')'  shift 533
	.  error


state 435
	interface_base:  ':' IDENT.    (50)

	.  reduce 50 (src line 711)


state 436
	type_declarator:  attributes0 TYPEDEF attributes0 type_spec declarators.    (193)
	declarators:  declarators.',' declarator 

	','  shift 534
	.  reduce 193 (src line 1609)


state 437
	declarators:  declarator.    (202)

	.  reduce 202 (src line 1673)


state 438
	declarator:  pointer_opt0.direct_declarator 

	error  shift 541
	IDENT  shift 540
	'('  shift 537
	.  error

	direct_declarator  goto 535
	ident_or_keyword  goto 536
	array_declarator  goto 538
	function_declarator  goto 539

state 439
	pointer_opt0:  pointer_opt.    (348)
	pointer_opt:  pointer_opt.'*' 

	'*'  shift 542
	.  reduce 348 (src line 2660)


state 440
	pointer_opt:  '*'.    (349)

	.  reduce 349 (src line 2666)


state 441
	type_spec:  simple_type_spec CONST.    (196)

	.  reduce 196 (src line 1635)


state 442
	type_spec:  CONST simple_type_spec.    (195)

	.  reduce 195 (src line 1631)


state 443
	struct_type:  STRUCT '{'.member_list '}' 
	attributes0: .    (51)

	'['  shift 33
	.  reduce 51 (src line 717)

	attributes0  goto 354
	attributes1  goto 26
	member_list  goto 543
	member  goto 352
	field_declarator  goto 353

state 444
	union_type:  UNION union_switch.union_name '{' union_body '}' 
	union_name: .    (289)

	IDENT  shift 356
	.  reduce 289 (src line 2247)

	union_name  goto 544

state 445
	union_type:  UNION '{'.union_body_n_e '}' 
	union_type:  UNION '{'.union_body_c '}' 
	attributes0: .    (51)

	';'  shift 363
	'['  shift 365
	.  reduce 51 (src line 717)

	attributes0  goto 354
	attributes1  goto 26
	field_declarator  goto 364
	union_body_n_e  goto 545
	union_body_c  goto 546
	union_case_n_e  goto 359
	union_case_label_n_e  goto 361
	union_arm  goto 360
	default_case_n_e  goto 362

state 446
	enumeration_type:  ENUM '{'.enumeration1 comma '}' 

	IDENT  shift 369
	.  error

	identifier_tag  goto 368
	enumeration1  goto 547

state 447
	pipe_type:  PIPE type_spec.    (323)

	.  reduce 323 (src line 2484)


state 448
	integer_type:  HYPER unsigned.int 
	int: .    (257)

	INT  shift 179
	.  reduce 257 (src line 2022)

	int  goto 548

state 449
	unsigned:  UNSIGNED.    (251)

	.  reduce 251 (src line 1998)


state 450
	integer_type:  UNSIGNED HYPER.int 
	int: .    (257)

	INT  shift 179
	.  reduce 257 (src line 2022)

	int  goto 549

state 451
	char_type:  sign CHAR.    (244)

	.  reduce 244 (src line 1951)


state 452
	const_declarator:  CONST const_type_spec IDENT '=' const_exp.    (136)

	.  reduce 136 (src line 1155)


state 453
	conditional_exp:  logical_or_exp '?' integer_const_exp.':' conditional_exp 

	':'  shift 550
	.  error


state 454
	logical_or_exp:  logical_or_exp LOGICAL_OR logical_and_exp.    (156)
	logical_and_exp:  logical_and_exp.LOGICAL_AND inclusive_or_exp 

	LOGICAL_AND  shift 325
	.  reduce 156 (src line 1313)


state 455
	logical_and_exp:  logical_and_exp LOGICAL_AND inclusive_or_exp.    (158)
	inclusive_or_exp:  inclusive_or_exp.OR exclusive_or_exp 

	OR  shift 326
	.  reduce 158 (src line 1328)


state 456
	inclusive_or_exp:  inclusive_or_exp OR exclusive_or_exp.    (160)
	exclusive_or_exp:  exclusive_or_exp.XOR and_exp 

	XOR  shift 327
	.  reduce 160 (src line 1343)


state 457
	exclusive_or_exp:  exclusive_or_exp XOR and_exp.    (162)
	and_exp:  and_exp.AND equality_exp 

	AND  shift 328
	.  reduce 162 (src line 1358)


state 458
	and_exp:  and_exp AND equality_exp.    (164)
	equality_exp:  equality_exp.EQ relational_exp 
	equality_exp:  equality_exp.NE relational_exp 

	EQ  shift 329
	NE  shift 330
	.  reduce 164 (src line 1373)


state 459
	equality_exp:  equality_exp EQ relational_exp.    (166)
	relational_exp:  relational_exp.LT shift_exp 
	relational_exp:  relational_exp.GT shift_exp 
	relational_exp:  relational_exp.LE shift_exp 
	relational_exp:  relational_exp.GE shift_exp 

	LE  shift 333
	GE  shift 334
	LT  shift 331
	GT  shift 332
	.  reduce 166 (src line 1388)


state 460
	equality_exp:  equality_exp NE relational_exp.    (167)
	relational_exp:  relational_exp.LT shift_exp 
	relational_exp:  relational_exp.GT shift_exp 
	relational_exp:  relational_exp.LE shift_exp 
	relational_exp:  relational_exp.GE shift_exp 

	LE  shift 333
	GE  shift 334
	LT  shift 331
	GT  shift 332
	.  reduce 167 (src line 1397)


state 461
	relational_exp:  relational_exp LT shift_exp.    (169)
	shift_exp:  shift_exp.LSH additive_exp 
	shift_exp:  shift_exp.RSH additive_exp 

	LSH  shift 335
	RSH  shift 336
	.  reduce 169 (src line 1412)


state 462
	relational_exp:  relational_exp GT shift_exp.    (170)
	shift_exp:  shift_exp.LSH additive_exp 
	shift_exp:  shift_exp.RSH additive_exp 

	LSH  shift 335
	RSH  shift 336
	.  reduce 170 (src line 1421)


state 463
	relational_exp:  relational_exp LE shift_exp.    (171)
	shift_exp:  shift_exp.LSH additive_exp 
	shift_exp:  shift_exp.RSH additive_exp 

	LSH  shift 335
	RSH  shift 336
	.  reduce 171 (src line 1430)


state 464
	relational_exp:  relational_exp GE shift_exp.    (172)
	shift_exp:  shift_exp.LSH additive_exp 
	shift_exp:  shift_exp.RSH additive_exp 

	LSH  shift 335
	RSH  shift 336
	.  reduce 172 (src line 1439)


state 465
	shift_exp:  shift_exp LSH additive_exp.    (174)
	additive_exp:  additive_exp.'-' multiplicative_exp 
	additive_exp:  additive_exp.'+' multiplicative_exp 

	'+'  shift 338
	'-'  shift 337
	.  reduce 174 (src line 1454)


state 466
	shift_exp:  shift_exp RSH additive_exp.    (175)
	additive_exp:  additive_exp.'-' multiplicative_exp 
	additive_exp:  additive_exp.'+' multiplicative_exp 

	'+'  shift 338
	'-'  shift 337
	.  reduce 175 (src line 1463)


state 467
	additive_exp:  additive_exp '-' multiplicative_exp.    (177)
	multiplicative_exp:  multiplicative_exp.'*' unary_exp 
	multiplicative_exp:  multiplicative_exp.'/' unary_exp 
	multiplicative_exp:  multiplicative_exp.'%' unary_exp 

	'*'  shift 339
	'/'  shift 340
	'%'  shift 341
	.  reduce 177 (src line 1478)


state 468
	additive_exp:  additive_exp '+' multiplicative_exp.    (178)
	multiplicative_exp:  multiplicative_exp.'*' unary_exp 
	multiplicative_exp:  multiplicative_exp.'/' unary_exp 
	multiplicative_exp:  multiplicative_exp.'%' unary_exp 

	'*'  shift 339
	'/'  shift 340
	'%'  shift 341
	.  reduce 178 (src line 1487)


state 469
	multiplicative_exp:  multiplicative_exp '*' unary_exp.    (180)

	.  reduce 180 (src line 1502)


state 470
	multiplicative_exp:  multiplicative_exp '/' unary_exp.    (181)

	.  reduce 181 (src line 1511)


state 471
	multiplicative_exp:  multiplicative_exp '%' unary_exp.    (182)

	.  reduce 182 (src line 1520)


state 472
	primary_exp:  SIZEOF '(' type_spec.')' 

	')'  shift 551
	.  error


state 473
	primary_exp:  '(' const_exp ')'.    (192)

	.  reduce 192 (src line 1603)


state 474
	attributes1:  attributes1 '[' attributes_list comma ']'.    (54)

	.  reduce 54 (src line 731)


state 475
	tagged_struct:  STRUCT tag '{' member_list '}'.    (267)

	.  reduce 267 (src line 2077)


state 476
	member_list:  member_list member.    (270)

	.  reduce 270 (src line 2098)


state 477
	member:  field_declarator ';'.    (271)

	.  reduce 271 (src line 2104)


state 478
	field_declarator:  attributes0 type_spec.declarators field_attr_var 
	declarators: .    (204)
	pointer_opt0: .    (347)

	error  reduce 347 (src line 2656)
	IDENT  reduce 347 (src line 2656)
	'*'  shift 440
	'('  reduce 347 (src line 2656)
	.  reduce 204 (src line 1682)

	declarator  goto 437
	declarators  goto 552
	pointer_opt  goto 439
	pointer_opt0  goto 438

state 479
	tagged_union:  UNION tag union_switch union_name '{'.union_body '}' 

	CASE  shift 559
	DEFAULT  shift 558
	.  error

	union_body  goto 553
	union_case  goto 554
	union_case_label1  goto 555
	union_case_label  goto 557
	default_case  goto 556

state 480
	tagged_union:  UNION tag '{' union_body_n_e '}'.    (287)

	.  reduce 287 (src line 2223)


state 481
	union_body_n_e:  union_body_n_e union_case_n_e.    (296)

	.  reduce 296 (src line 2284)


state 482
	union_case_label_n_e:  '['.CASE '(' const_exp1 ')' ']' 
	default_case_n_e:  '['.DEFAULT ']' union_arm 

	CASE  shift 487
	DEFAULT  shift 488
	.  error


state 483
	tagged_union:  UNION tag '{' union_body_c '}'.    (288)

	.  reduce 288 (src line 2234)


state 484
	union_body_c:  union_body_c union_arm.    (294)

	.  reduce 294 (src line 2274)


state 485
	union_case_n_e:  union_case_label_n_e union_arm.    (301)

	.  reduce 301 (src line 2314)


state 486
	union_arm:  field_declarator ';'.    (310)

	.  reduce 310 (src line 2367)


state 487
	union_case_label_n_e:  '[' CASE.'(' const_exp1 ')' ']' 

	'('  shift 560
	.  error


state 488
	default_case_n_e:  '[' DEFAULT.']' union_arm 

	']'  shift 561
	.  error


state 489
	union_switch:  SWITCH '(' switch_type_spec.IDENT ')' 

	IDENT  shift 562
	.  error


state 490
	tagged_enumeration:  ENUM tag '{' enumeration1 comma.'}' 

	'}'  shift 563
	.  error


state 491
	enumeration1:  enumeration1 ','.identifier_tag 
	comma:  ','.    (320)

	IDENT  shift 369
	.  reduce 320 (src line 2469)

	identifier_tag  goto 564

state 492
	identifier_tag:  IDENT '='.integer_const_exp 

	SIZEOF  shift 211
	INT_LITERAL  shift 210
	IDENT  shift 212
	'+'  shift 206
	'-'  shift 207
	'*'  shift 213
	'('  shift 214
	'~'  shift 208
	'!'  shift 209
	.  error

	integer_const_exp  goto 565
	conditional_exp  goto 193
	logical_or_exp  goto 194
	logical_and_exp  goto 195
	inclusive_or_exp  goto 196
	exclusive_or_exp  goto 197
	and_exp  goto 198
	equality_exp  goto 199
	relational_exp  goto 200
	shift_exp  goto 201
	additive_exp  goto 202
	multiplicative_exp  goto 203
	unary_exp  goto 204
	primary_exp  goto 205

state 493
	attribute:  FIRST_IS '(' attr_var_list ')'.    (57)

	.  reduce 57 (src line 748)


state 494
	attr_var_list:  attr_var_list ','.attr_var 
	attr_var: .    (345)

	SIZEOF  shift 211
	INT_LITERAL  shift 210
	IDENT  shift 212
	'+'  shift 206
	'-'  shift 207
	'*'  shift 213
	'('  shift 214
	'~'  shift 208
	'!'  shift 209
	.  reduce 345 (src line 2646)

	integer_const_exp  goto 374
	conditional_exp  goto 193
	logical_or_exp  goto 194
	logical_and_exp  goto 195
	inclusive_or_exp  goto 196
	exclusive_or_exp  goto 197
	and_exp  goto 198
	equality_exp  goto 199
	relational_exp  goto 200
	shift_exp  goto 201
	additive_exp  goto 202
	multiplicative_exp  goto 203
	unary_exp  goto 204
	primary_exp  goto 205
	attr_var  goto 566

state 495
	attribute:  LAST_IS '(' attr_var_list ')'.    (58)

	.  reduce 58 (src line 752)


state 496
	attribute:  LENGTH_IS '(' attr_var_list ')'.    (59)

	.  reduce 59 (src line 756)


state 497
	attribute:  MIN_IS '(' attr_var_list ')'.    (60)

	.  reduce 60 (src line 760)


state 498
	attribute:  MAX_IS '(' attr_var_list ')'.    (61)

	.  reduce 61 (src line 764)


state 499
	attribute:  SIZE_IS '(' attr_var_list ')'.    (62)

	.  reduce 62 (src line 768)


state 500
	attribute:  SIZE_IS '(' '*' ')'.    (112)

	.  reduce 112 (src line 996)


state 501
	attribute:  GOEXT_DEFAULT_NULL '(' attr_var ')'.    (64)

	.  reduce 64 (src line 776)


state 502
	attribute:  FORMAT '(' format_attribute ')'.    (66)

	.  reduce 66 (src line 788)


state 503
	attribute:  TRANSMIT_AS '(' xmit_type ')'.    (70)

	.  reduce 70 (src line 804)


state 504
	attribute:  VERSION '(' version ')'.    (78)

	.  reduce 78 (src line 836)


state 505
	version:  INT_LITERAL '.'.INT_LITERAL 

	INT_LITERAL  shift 567
	.  error


state 506
	attribute:  ENDPOINT '(' port_spec1 ')'.    (79)

	.  reduce 79 (src line 840)


state 507
	port_spec1:  port_spec1 ','.port_spec 

	STRING_LITERAL  shift 395
	.  error

	port_spec  goto 568

state 508
	attribute:  EXCEPTIONS '(' excep_name1 ')'.    (80)

	.  reduce 80 (src line 844)


state 509
	excep_name1:  excep_name1 ','.excep_name 

	IDENT  shift 398
	.  error

	excep_name  goto 569

state 510
	attribute:  POINTER_DEFAULT '(' ptr_attr ')'.    (82)

	.  reduce 82 (src line 852)


state 511
	attribute:  IID_IS '(' attr_var ')'.    (90)

	.  reduce 90 (src line 891)


state 512
	attribute:  HELP_STRING '(' STRING_LITERAL ')'.    (91)

	.  reduce 91 (src line 895)


state 513
	attribute:  ID '(' integer_const_exp ')'.    (96)

	.  reduce 96 (src line 915)


state 514
	attribute:  DEFAULT_VALUE '(' const_exp ')'.    (100)

	.  reduce 100 (src line 940)


state 515
	attribute:  ANNOTATION '(' STRING_LITERAL ')'.    (105)

	.  reduce 105 (src line 965)


state 516
	attribute:  CALL_AS '(' IDENT ')'.    (106)

	.  reduce 106 (src line 969)


state 517
	attribute:  WIRE_MARSHAL '(' IDENT ')'.    (107)

	.  reduce 107 (src line 973)


state 518
	attribute:  SAFEARRAY '(' type_spec ')'.    (109)

	.  reduce 109 (src line 981)


state 519
	attribute:  PAD '(' INT_LITERAL ')'.    (110)

	.  reduce 110 (src line 985)


state 520
	attribute:  GOEXT_LAYOUT '(' field_declarator ')'.    (111)

	.  reduce 111 (src line 989)


state 521
	union_instance_switch_attr:  SWITCH_IS '(' attr_var ')'.    (312)

	.  reduce 312 (src line 2382)


state 522
	union_type_switch_attr:  SWITCH_TYPE '(' switch_type_spec ')'.    (311)

	.  reduce 311 (src line 2376)


state 523
	switch_type_spec:  ENUM tag.    (285)

	.  reduce 285 (src line 2199)


state 524
	range_declarator:  '(' integer_const_exp ','.integer_const_exp ')' 

	SIZEOF  shift 211
	INT_LITERAL  shift 210
	IDENT  shift 212
	'+'  shift 206
	'-'  shift 207
	'*'  shift 213
	'('  shift 214
	'~'  shift 208
	'!'  shift 209
	.  error

	integer_const_exp  goto 570
	conditional_exp  goto 193
	logical_or_exp  goto 194
	logical_and_exp  goto 195
	inclusive_or_exp  goto 196
	exclusive_or_exp  goto 197
	and_exp  goto 198
	equality_exp  goto 199
	relational_exp  goto 200
	shift_exp  goto 201
	additive_exp  goto 202
	multiplicative_exp  goto 203
	unary_exp  goto 204
	primary_exp  goto 205

state 525
	range_declarator:  '(' array_bound_pair ')'.    (342)

	.  reduce 342 (src line 2627)


state 526
	array_bound_pair:  array_bound RNG.array_bound 

	SIZEOF  shift 211
	INT_LITERAL  shift 210
	IDENT  shift 212
	'+'  shift 206
	'-'  shift 207
	'*'  shift 421
	'('  shift 214
	'~'  shift 208
	'!'  shift 209
	.  error

	integer_const_exp  goto 572
	conditional_exp  goto 193
	logical_or_exp  goto 194
	logical_and_exp  goto 195
	inclusive_or_exp  goto 196
	exclusive_or_exp  goto 197
	and_exp  goto 198
	equality_exp  goto 199
	relational_exp  goto 200
	shift_exp  goto 201
	additive_exp  goto 202
	multiplicative_exp  goto 203
	unary_exp  goto 204
	primary_exp  goto 205
	array_bound  goto 571

state 527
	op_declarator:  attributes0 simple_type_spec IDENT.'(' param_declarators1 ')' 
	op_declarator:  attributes0 simple_type_spec IDENT.'(' void ')' 

	'('  shift 573
	.  error


state 528
	coclass_member:  coclass_attributes0 coclass_type_spec IDENT ';'.    (25)

	.  reduce 25 (src line 566)


state 529
	coclass_attributes0:  '[' coclass_attribute_list comma ']'.    (30)

	.  reduce 30 (src line 590)


state 530
	coclass_attribute_list:  coclass_attribute_list ',' coclass_attribute.    (32)

	.  reduce 32 (src line 605)


state 531
	method_list:  method_list op_declarator.';' 

	';'  shift 574
	.  error


state 532
	method_list:  op_declarator ';'.    (43)

	.  reduce 43 (src line 677)


state 533
	importlib:  IMPORTLIB '(' STRING_LITERAL ')'.    (20)

	.  reduce 20 (src line 538)


state 534
	declarators:  declarators ','.declarator 
	pointer_opt0: .    (347)

	'*'  shift 440
	.  reduce 347 (src line 2656)

	declarator  goto 575
	pointer_opt  goto 439
	pointer_opt0  goto 438

state 535
	declarator:  pointer_opt0 direct_declarator.    (205)
	array_declarator:  direct_declarator.'[' array_bounds_declarator ']' 
	function_declarator:  direct_declarator.'(' param_declarators1 ')' 
	function_declarator:  direct_declarator.'(' void ')' 

	'('  shift 577
	'['  shift 576
	.  reduce 205 (src line 1688)


state 536
	direct_declarator:  ident_or_keyword.    (206)

	.  reduce 206 (src line 1697)


state 537
	direct_declarator:  '('.declarator ')' 
	pointer_opt0: .    (347)

	'*'  shift 440
	.  reduce 347 (src line 2656)

	declarator  goto 578
	pointer_opt  goto 439
	pointer_opt0  goto 438

state 538
	direct_declarator:  array_declarator.    (208)

	.  reduce 208 (src line 1705)


state 539
	direct_declarator:  function_declarator.    (209)

	.  reduce 209 (src line 1709)


state 540
	ident_or_keyword:  IDENT.    (210)

	.  reduce 210 (src line 1715)


state 541
	ident_or_keyword:  error.    (211)

	.  reduce 211 (src line 1719)


state 542
	pointer_opt:  pointer_opt '*'.    (350)

	.  reduce 350 (src line 2670)


state 543
	struct_type:  STRUCT '{' member_list.'}' 
	member_list:  member_list.member 
	attributes0: .    (51)

	'}'  shift 579
	'['  shift 33
	.  reduce 51 (src line 717)

	attributes0  goto 354
	attributes1  goto 26
	member  goto 476
	field_declarator  goto 353

state 544
	union_type:  UNION union_switch union_name.'{' union_body '}' 

	'{'  shift 580
	.  error


state 545
	union_type:  UNION '{' union_body_n_e.'}' 
	union_body_n_e:  union_body_n_e.union_case_n_e 

	'}'  shift 581
	'['  shift 482
	.  error

	union_case_n_e  goto 481
	union_case_label_n_e  goto 361
	default_case_n_e  goto 362

state 546
	union_type:  UNION '{' union_body_c.'}' 
	union_body_c:  union_body_c.union_arm 
	attributes0: .    (51)

	';'  shift 363
	'}'  shift 582
	'['  shift 33
	.  reduce 51 (src line 717)

	attributes0  goto 354
	attributes1  goto 26
	field_declarator  goto 364
	union_arm  goto 484

state 547
	enumeration_type:  ENUM '{' enumeration1.comma '}' 
	enumeration1:  enumeration1.',' identifier_tag 
	comma: .    (319)

	','  shift 491
	.  reduce 319 (src line 2468)

	comma  goto 583

state 548
	integer_type:  HYPER unsigned int.    (226)

	.  reduce 226 (src line 1802)


state 549
	integer_type:  UNSIGNED HYPER int.    (227)

	.  reduce 227 (src line 1811)


state 550
	conditional_exp:  logical_or_exp '?' integer_const_exp ':'.conditional_exp 

	SIZEOF  shift 211
	INT_LITERAL  shift 210
	IDENT  shift 212
	'+'  shift 206
	'-'  shift 207
	'*'  shift 213
	'('  shift 214
	'~'  shift 208
	'!'  shift 209
	.  error

	conditional_exp  goto 584
	logical_or_exp  goto 194
	logical_and_exp  goto 195
	inclusive_or_exp  goto 196
	exclusive_or_exp  goto 197
	and_exp  goto 198
	equality_exp  goto 199
	relational_exp  goto 200
	shift_exp  goto 201
	additive_exp  goto 202
	multiplicative_exp  goto 203
	unary_exp  goto 204
	primary_exp  goto 205

state 551
	primary_exp:  SIZEOF '(' type_spec ')'.    (189)

	.  reduce 189 (src line 1577)


state 552
	declarators:  declarators.',' declarator 
	field_declarator:  attributes0 type_spec declarators.field_attr_var 
	field_attr_var: .    (273)

	','  shift 534
	'='  shift 586
	.  reduce 273 (src line 2121)

	field_attr_var  goto 585

state 553
	tagged_union:  UNION tag union_switch union_name '{' union_body.'}' 
	union_body:  union_body.union_case 

	CASE  shift 559
	DEFAULT  shift 558
	'}'  shift 587
	.  error

	union_case  goto 588
	union_case_label1  goto 555
	union_case_label  goto 557
	default_case  goto 556

state 554
	union_body:  union_case.    (291)

	.  reduce 291 (src line 2260)


state 555
	union_case:  union_case_label1.union_arm 
	union_case_label1:  union_case_label1.union_case_label 
	attributes0: .    (51)

	CASE  shift 559
	';'  shift 363
	'['  shift 33
	.  reduce 51 (src line 717)

	attributes0  goto 354
	attributes1  goto 26
	field_declarator  goto 364
	union_case_label  goto 590
	union_arm  goto 589

state 556
	union_case:  default_case.    (298)

	.  reduce 298 (src line 2298)


state 557
	union_case_label1:  union_case_label.    (299)

	.  reduce 299 (src line 2304)


state 558
	default_case:  DEFAULT.':' union_arm 

	':'  shift 591
	.  error


state 559
	union_case_label:  CASE.const_exp ':' 

	NULL  shift 190
	TRUE  shift 191
	FALSE  shift 192
	SIZEOF  shift 211
	CHARACTER_LITERAL  shift 189
	STRING_LITERAL  shift 188
	INT_LITERAL  shift 210
	IDENT  shift 212
	'+'  shift 206
	'-'  shift 207
	'*'  shift 213
	'('  shift 214
	'~'  shift 208
	'!'  shift 209
	.  error

	const_exp  goto 592
	integer_const_exp  goto 187
	conditional_exp  goto 193
	logical_or_exp  goto 194
	logical_and_exp  goto 195
	inclusive_or_exp  goto 196
	exclusive_or_exp  goto 197
	and_exp  goto 198
	equality_exp  goto 199
	relational_exp  goto 200
	shift_exp  goto 201
	additive_exp  goto 202
	multiplicative_exp  goto 203
	unary_exp  goto 204
	primary_exp  goto 205

state 560
	union_case_label_n_e:  '[' CASE '('.const_exp1 ')' ']' 

	NULL  shift 190
	TRUE  shift 191
	FALSE  shift 192
	SIZEOF  shift 211
	CHARACTER_LITERAL  shift 189
	STRING_LITERAL  shift 188
	INT_LITERAL  shift 210
	IDENT  shift 212
	'+'  shift 206
	'-'  shift 207
	'*'  shift 213
	'('  shift 214
	'~'  shift 208
	'!'  shift 209
	.  error

	const_exp1  goto 593
	const_exp  goto 594
	integer_const_exp  goto 187
	conditional_exp  goto 193
	logical_or_exp  goto 194
	logical_and_exp  goto 195
	inclusive_or_exp  goto 196
	exclusive_or_exp  goto 197
	and_exp  goto 198
	equality_exp  goto 199
	relational_exp  goto 200
	shift_exp  goto 201
	additive_exp  goto 202
	multiplicative_exp  goto 203
	unary_exp  goto 204
	primary_exp  goto 205

state 561
	default_case_n_e:  '[' DEFAULT ']'.union_arm 
	attributes0: .    (51)

	';'  shift 363
	'['  shift 33
	.  reduce 51 (src line 717)

	attributes0  goto 354
	attributes1  goto 26
	field_declarator  goto 364
	union_arm  goto 595

state 562
	union_switch:  SWITCH '(' switch_type_spec IDENT.')' 

	')'  shift 596
	.  error


state 563
	tagged_enumeration:  ENUM tag '{' enumeration1 comma '}'.    (316)

	.  reduce 316 (src line 2428)


state 564
	enumeration1:  enumeration1 ',' identifier_tag.    (318)

	.  reduce 318 (src line 2462)


state 565
	identifier_tag:  IDENT '=' integer_const_exp.    (322)

	.  reduce 322 (src line 2477)


state 566
	attr_var_list:  attr_var_list ',' attr_var.    (344)

	.  reduce 344 (src line 2638)


state 567
	version:  INT_LITERAL '.' INT_LITERAL.    (114)

	.  reduce 114 (src line 1006)


state 568
	port_spec1:  port_spec1 ',' port_spec.    (116)

	.  reduce 116 (src line 1016)


state 569
	excep_name1:  excep_name1 ',' excep_name.    (118)

	.  reduce 118 (src line 1026)


state 570
	range_declarator:  '(' integer_const_exp ',' integer_const_exp.')' 

	')'  shift 597
	.  error


state 571
	array_bound_pair:  array_bound RNG array_bound.    (328)

	.  reduce 328 (src line 2535)


state 572
	array_bound:  integer_const_exp.    (330)

	.  reduce 330 (src line 2545)


state 573
	op_declarator:  attributes0 simple_type_spec IDENT '('.param_declarators1 ')' 
	op_declarator:  attributes0 simple_type_spec IDENT '('.void ')' 
	void: .    (255)
	sign: .    (252)

	FLOAT  shift 305
	DOUBLE  shift 306
	HYPER  shift 308
	UNSIGNED  shift 309
	SIGNED  shift 65
	LONG  shift 68
	SHORT  shift 69
	SMALL  shift 70
	BOOLEAN  shift 311
	BYTE  shift 312
	VOID  shift 601
	HANDLE_T  shift 314
	ERROR_STATUS_T  shift 298
	ISO_LATIN_1  shift 316
	ISO_MULTILINGUAL  shift 317
	ISO_UCS  shift 318
	STRUCT  shift 301
	CONST  shift 280
	ENUM  shift 303
	PIPE  shift 304
	UNION  shift 302
	WCHAR_T  shift 315
	IDENT  shift 300
	')'  reduce 255 (src line 2018)
	'['  shift 33
	.  reduce 252 (src line 2004)

	struct_type  goto 285
	union_type  goto 286
	pipe_type  goto 289
	enumeration_type  goto 287
	type_spec  goto 603
	tagged_struct  goto 28
	tagged_struct_declarator  goto 23
	constructed_type_spec  goto 281
	tagged_declarator  goto 288
	tagged_enumeration  goto 32
	tagged_enumeration_declarator  goto 25
	tagged_union_declarator  goto 24
	tagged_union  goto 30
	simple_type_spec  goto 279
	type_ident  goto 284
	predefined_type_spec  goto 283
	attributes1  goto 602
	param_declarator  goto 600
	param_declarators1  goto 598
	base_type_spec  goto 282
	floating_pt_type  goto 290
	integer_type  goto 291
	char_type  goto 292
	wchar_type  goto 297
	boolean_type  goto 293
	byte_type  goto 294
	void_type  goto 295
	handle_type  goto 296
	primitive_integer_type  goto 307
	signed_integer  goto 62
	ms_integer  goto 64
	unsigned_integer  goto 63
	sign  goto 310
	integer_size  goto 66
	international_character_type  goto 299
	void  goto 599

state 574
	method_list:  method_list op_declarator ';'.    (44)

	.  reduce 44 (src line 681)


state 575
	declarators:  declarators ',' declarator.    (203)

	.  reduce 203 (src line 1677)


state 576
	array_declarator:  direct_declarator '['.array_bounds_declarator ']' 
	array_bounds_declarator: .    (325)

	SIZEOF  shift 211
	INT_LITERAL  shift 210
	IDENT  shift 212
	'+'  shift 206
	'-'  shift 207
	'*'  shift 421
	'('  shift 214
	'~'  shift 208
	'!'  shift 209
	.  reduce 325 (src line 2516)

	integer_const_exp  goto 572
	conditional_exp  goto 193
	logical_or_exp  goto 194
	logical_and_exp  goto 195
	inclusive_or_exp  goto 196
	exclusive_or_exp  goto 197
	and_exp  goto 198
	equality_exp  goto 199
	relational_exp  goto 200
	shift_exp  goto 201
	additive_exp  goto 202
	multiplicative_exp  goto 203
	unary_exp  goto 204
	primary_exp  goto 205
	array_bounds_declarator  goto 604
	array_bound_pair  goto 606
	array_bound  goto 605

state 577
	function_declarator:  direct_declarator '('.param_declarators1 ')' 
	function_declarator:  direct_declarator '('.void ')' 
	void: .    (255)
	sign: .    (252)

	FLOAT  shift 305
	DOUBLE  shift 306
	HYPER  shift 308
	UNSIGNED  shift 309
	SIGNED  shift 65
	LONG  shift 68
	SHORT  shift 69
	SMALL  shift 70
	BOOLEAN  shift 311
	BYTE  shift 312
	VOID  shift 601
	HANDLE_T  shift 314
	ERROR_STATUS_T  shift 298
	ISO_LATIN_1  shift 316
	ISO_MULTILINGUAL  shift 317
	ISO_UCS  shift 318
	STRUCT  shift 301
	CONST  shift 280
	ENUM  shift 303
	PIPE  shift 304
	UNION  shift 302
	WCHAR_T  shift 315
	IDENT  shift 300
	')'  reduce 255 (src line 2018)
	'['  shift 33
	.  reduce 252 (src line 2004)

	struct_type  goto 285
	union_type  goto 286
	pipe_type  goto 289
	enumeration_type  goto 287
	type_spec  goto 603
	tagged_struct  goto 28
	tagged_struct_declarator  goto 23
	constructed_type_spec  goto 281
	tagged_declarator  goto 288
	tagged_enumeration  goto 32
	tagged_enumeration_declarator  goto 25
	tagged_union_declarator  goto 24
	tagged_union  goto 30
	simple_type_spec  goto 279
	type_ident  goto 284
	predefined_type_spec  goto 283
	attributes1  goto 602
	param_declarator  goto 600
	param_declarators1  goto 607
	base_type_spec  goto 282
	floating_pt_type  goto 290
	integer_type  goto 291
	char_type  goto 292
	wchar_type  goto 297
	boolean_type  goto 293
	byte_type  goto 294
	void_type  goto 295
	handle_type  goto 296
	primitive_integer_type  goto 307
	signed_integer  goto 62
	ms_integer  goto 64
	unsigned_integer  goto 63
	sign  goto 310
	integer_size  goto 66
	international_character_type  goto 299
	void  goto 608

state 578
	direct_declarator:  '(' declarator.')' 

	')'  shift 609
	.  error


state 579
	struct_type:  STRUCT '{' member_list '}'.    (266)

	.  reduce 266 (src line 2066)


state 580
	union_type:  UNION union_switch union_name '{'.union_body '}' 

	CASE  shift 559
	DEFAULT  shift 558
	.  error

	union_body  goto 610
	union_case  goto 554
	union_case_label1  goto 555
	union_case_label  goto 557
	default_case  goto 556

state 581
	union_type:  UNION '{' union_body_n_e '}'.    (278)

	.  reduce 278 (src line 2152)


state 582
	union_type:  UNION '{' union_body_c '}'.    (279)

	.  reduce 279 (src line 2163)


state 583
	enumeration_type:  ENUM '{' enumeration1 comma.'}' 

	'}'  shift 611
	.  error


state 584
	conditional_exp:  logical_or_exp '?' integer_const_exp ':' conditional_exp.    (154)

	.  reduce 154 (src line 1298)


state 585
	field_declarator:  attributes0 type_spec declarators field_attr_var.    (272)

	.  reduce 272 (src line 2110)


state 586
	field_attr_var:  '='.attr_var 
	attr_var: .    (345)

	SIZEOF  shift 211
	INT_LITERAL  shift 210
	IDENT  shift 212
	'+'  shift 206
	'-'  shift 207
	'*'  shift 213
	'('  shift 214
	'~'  shift 208
	'!'  shift 209
	.  reduce 345 (src line 2646)

	integer_const_exp  goto 374
	conditional_exp  goto 193
	logical_or_exp  goto 194
	logical_and_exp  goto 195
	inclusive_or_exp  goto 196
	exclusive_or_exp  goto 197
	and_exp  goto 198
	equality_exp  goto 199
	relational_exp  goto 200
	shift_exp  goto 201
	additive_exp  goto 202
	multiplicative_exp  goto 203
	unary_exp  goto 204
	primary_exp  goto 205
	attr_var  goto 612

state 587
	tagged_union:  UNION tag union_switch union_name '{' union_body '}'.    (286)

	.  reduce 286 (src line 2212)


state 588
	union_body:  union_body union_case.    (292)

	.  reduce 292 (src line 2264)


state 589
	union_case:  union_case_label1 union_arm.    (297)

	.  reduce 297 (src line 2290)


state 590
	union_case_label1:  union_case_label1 union_case_label.    (300)

	.  reduce 300 (src line 2308)


state 591
	default_case:  DEFAULT ':'.union_arm 
	attributes0: .    (51)

	';'  shift 363
	'['  shift 33
	.  reduce 51 (src line 717)

	attributes0  goto 354
	attributes1  goto 26
	field_declarator  goto 364
	union_arm  goto 613

state 592
	union_case_label:  CASE const_exp.':' 

	':'  shift 614
	.  error


state 593
	union_case_label_n_e:  '[' CASE '(' const_exp1.')' ']' 
	const_exp1:  const_exp1.',' const_exp 

	')'  shift 615
	','  shift 616
	.  error


state 594
	const_exp1:  const_exp.    (305)

	.  reduce 305 (src line 2340)


state 595
	default_case_n_e:  '[' DEFAULT ']' union_arm.    (308)

	.  reduce 308 (src line 2357)


state 596
	union_switch:  SWITCH '(' switch_type_spec IDENT ')'.    (280)

	.  reduce 280 (src line 2176)


state 597
	range_declarator:  '(' integer_const_exp ',' integer_const_exp ')'.    (341)

	.  reduce 341 (src line 2608)


state 598
	op_declarator:  attributes0 simple_type_spec IDENT '(' param_declarators1.')' 
	param_declarators1:  param_declarators1.',' param_declarator 

	')'  shift 617
	','  shift 618
	.  error


state 599
	op_declarator:  attributes0 simple_type_spec IDENT '(' void.')' 

	')'  shift 619
	.  error


state 600
	param_declarators1:  param_declarator.    (357)

	.  reduce 357 (src line 2716)


state 601
	void_type:  VOID.    (248)
	void:  VOID.    (256)

	')'  reduce 256 (src line 2019)
	.  reduce 248 (src line 1982)


state 602
	attributes1:  attributes1.'[' attributes_list comma ']' 
	param_declarator:  attributes1.type_spec declarator 
	sign: .    (252)

	FLOAT  shift 305
	DOUBLE  shift 306
	HYPER  shift 308
	UNSIGNED  shift 309
	SIGNED  shift 65
	LONG  shift 68
	SHORT  shift 69
	SMALL  shift 70
	BOOLEAN  shift 311
	BYTE  shift 312
	VOID  shift 313
	HANDLE_T  shift 314
	ERROR_STATUS_T  shift 298
	ISO_LATIN_1  shift 316
	ISO_MULTILINGUAL  shift 317
	ISO_UCS  shift 318
	STRUCT  shift 301
	CONST  shift 280
	ENUM  shift 303
	PIPE  shift 304
	UNION  shift 302
	WCHAR_T  shift 315
	IDENT  shift 300
	'['  shift 73
	.  reduce 252 (src line 2004)

	struct_type  goto 285
	union_type  goto 286
	pipe_type  goto 289
	enumeration_type  goto 287
	type_spec  goto 620
	tagged_struct  goto 28
	tagged_struct_declarator  goto 23
	constructed_type_spec  goto 281
	tagged_declarator  goto 288
	tagged_enumeration  goto 32
	tagged_enumeration_declarator  goto 25
	tagged_union_declarator  goto 24
	tagged_union  goto 30
	simple_type_spec  goto 279
	type_ident  goto 284
	predefined_type_spec  goto 283
	base_type_spec  goto 282
	floating_pt_type  goto 290
	integer_type  goto 291
	char_type  goto 292
	wchar_type  goto 297
	boolean_type  goto 293
	byte_type  goto 294
	void_type  goto 295
	handle_type  goto 296
	primitive_integer_type  goto 307
	signed_integer  goto 62
	ms_integer  goto 64
	unsigned_integer  goto 63
	sign  goto 310
	integer_size  goto 66
	international_character_type  goto 299

state 603
	param_declarator:  type_spec.declarator 
	pointer_opt0: .    (347)

	'*'  shift 440
	.  reduce 347 (src line 2656)

	declarator  goto 621
	pointer_opt  goto 439
	pointer_opt0  goto 438

state 604
	array_declarator:  direct_declarator '[' array_bounds_declarator.']' 

	']'  shift 622
	.  error


state 605
	array_bounds_declarator:  array_bound.    (326)
	array_bound_pair:  array_bound.RNG array_bound 

	RNG  shift 526
	.  reduce 326 (src line 2520)


state 606
	array_bounds_declarator:  array_bound_pair.    (327)

	.  reduce 327 (src line 2529)


state 607
	param_declarators1:  param_declarators1.',' param_declarator 
	function_declarator:  direct_declarator '(' param_declarators1.')' 

	')'  shift 623
	','  shift 618
	.  error


state 608
	function_declarator:  direct_declarator '(' void.')' 

	')'  shift 624
	.  error


state 609
	direct_declarator:  '(' declarator ')'.    (207)

	.  reduce 207 (src line 1701)


state 610
	union_type:  UNION union_switch union_name '{' union_body.'}' 
	union_body:  union_body.union_case 

	CASE  shift 559
	DEFAULT  shift 558
	'}'  shift 625
	.  error

	union_case  goto 588
	union_case_label1  goto 555
	union_case_label  goto 557
	default_case  goto 556

state 611
	enumeration_type:  ENUM '{' enumeration1 comma '}'.    (313)

	.  reduce 313 (src line 2388)


state 612
	field_attr_var:  '=' attr_var.    (274)

	.  reduce 274 (src line 2125)


state 613
	default_case:  DEFAULT ':' union_arm.    (307)

	.  reduce 307 (src line 2351)


state 614
	union_case_label:  CASE const_exp ':'.    (303)

	.  reduce 303 (src line 2328)


state 615
	union_case_label_n_e:  '[' CASE '(' const_exp1 ')'.']' 

	']'  shift 626
	.  error


state 616
	const_exp1:  const_exp1 ','.const_exp 

	NULL  shift 190
	TRUE  shift 191
	FALSE  shift 192
	SIZEOF  shift 211
	CHARACTER_LITERAL  shift 189
	STRING_LITERAL  shift 188
	INT_LITERAL  shift 210
	IDENT  shift 212
	'+'  shift 206
	'-'  shift 207
	'*'  shift 213
	'('  shift 214
	'~'  shift 208
	'!'  shift 209
	.  error

	const_exp  goto 627
	integer_const_exp  goto 187
	conditional_exp  goto 193
	logical_or_exp  goto 194
	logical_and_exp  goto 195
	inclusive_or_exp  goto 196
	exclusive_or_exp  goto 197
	and_exp  goto 198
	equality_exp  goto 199
	relational_exp  goto 200
	shift_exp  goto 201
	additive_exp  goto 202
	multiplicative_exp  goto 203
	unary_exp  goto 204
	primary_exp  goto 205

state 617
	op_declarator:  attributes0 simple_type_spec IDENT '(' param_declarators1 ')'.    (354)

	.  reduce 354 (src line 2694)


state 618
	param_declarators1:  param_declarators1 ','.param_declarator 
	sign: .    (252)

	FLOAT  shift 305
	DOUBLE  shift 306
	HYPER  shift 308
	UNSIGNED  shift 309
	SIGNED  shift 65
	LONG  shift 68
	SHORT  shift 69
	SMALL  shift 70
	BOOLEAN  shift 311
	BYTE  shift 312
	VOID  shift 313
	HANDLE_T  shift 314
	ERROR_STATUS_T  shift 298
	ISO_LATIN_1  shift 316
	ISO_MULTILINGUAL  shift 317
	ISO_UCS  shift 318
	STRUCT  shift 301
	CONST  shift 280
	ENUM  shift 303
	PIPE  shift 304
	UNION  shift 302
	WCHAR_T  shift 315
	IDENT  shift 300
	'['  shift 33
	.  reduce 252 (src line 2004)

	struct_type  goto 285
	union_type  goto 286
	pipe_type  goto 289
	enumeration_type  goto 287
	type_spec  goto 603
	tagged_struct  goto 28
	tagged_struct_declarator  goto 23
	constructed_type_spec  goto 281
	tagged_declarator  goto 288
	tagged_enumeration  goto 32
	tagged_enumeration_declarator  goto 25
	tagged_union_declarator  goto 24
	tagged_union  goto 30
	simple_type_spec  goto 279
	type_ident  goto 284
	predefined_type_spec  goto 283
	attributes1  goto 602
	param_declarator  goto 628
	base_type_spec  goto 282
	floating_pt_type  goto 290
	integer_type  goto 291
	char_type  goto 292
	wchar_type  goto 297
	boolean_type  goto 293
	byte_type  goto 294
	void_type  goto 295
	handle_type  goto 296
	primitive_integer_type  goto 307
	signed_integer  goto 62
	ms_integer  goto 64
	unsigned_integer  goto 63
	sign  goto 310
	integer_size  goto 66
	international_character_type  goto 299

state 619
	op_declarator:  attributes0 simple_type_spec IDENT '(' void ')'.    (355)

	.  reduce 355 (src line 2706)


state 620
	param_declarator:  attributes1 type_spec.declarator 
	pointer_opt0: .    (347)

	'*'  shift 440
	.  reduce 347 (src line 2656)

	declarator  goto 629
	pointer_opt  goto 439
	pointer_opt0  goto 438

state 621
	param_declarator:  type_spec declarator.    (359)

	.  reduce 359 (src line 2736)


state 622
	array_declarator:  direct_declarator '[' array_bounds_declarator ']'.    (324)

	.  reduce 324 (src line 2490)


state 623
	function_declarator:  direct_declarator '(' param_declarators1 ')'.    (362)

	.  reduce 362 (src line 2754)


state 624
	function_declarator:  direct_declarator '(' void ')'.    (363)

	.  reduce 363 (src line 2763)


state 625
	union_type:  UNION union_switch union_name '{' union_body '}'.    (277)

	.  reduce 277 (src line 2141)


state 626
	union_case_label_n_e:  '[' CASE '(' const_exp1 ')' ']'.    (304)

	.  reduce 304 (src line 2334)


state 627
	const_exp1:  const_exp1 ',' const_exp.    (306)

	.  reduce 306 (src line 2344)


state 628
	param_declarators1:  param_declarators1 ',' param_declarator.    (356)

	.  reduce 356 (src line 2712)


state 629
	param_declarator:  attributes1 type_spec declarator.    (358)

	.  reduce 358 (src line 2722)


166 terminals, 146 nonterminals
369 grammar rules, 630/16000 states
0 shift/reduce, 0 reduce/reduce conflicts reported
195 working sets used
memory: parser 1379/240000
290 extra closures
1397 shift entries, 21 exceptions
320 goto entries
901 entries saved by goto default
Optimizer space used: output 1045/240000
1045 table entries, 105 zero
maximum spread: 166, maximum offset: 620
